millis,lat,lon,sat,alt,data,hora,altp,p,ax,ay,az,gx,gy,gz
2159,-22.286898,-42.542294,8,861.80,2025/5/15,12:6:9,-0.36,927.76,0.60,-0.01,9.03,-0.01,-0.02,0.02
2359,-22.286898,-42.542292,8,861.80,2025/5/15,12:6:10,-0.24,927.75,0.57,0.06,9.04,-0.01,-0.03,0.03
2559,-22.286898,-42.542292,8,862.00,2025/5/15,12:6:10,-0.36,927.76,0.60,0.03,8.86,-0.01,-0.02,0.02
2759,-22.286898,-42.542292,8,862.00,2025/5/15,12:6:10,-0.47,927.77,0.50,0.02,9.08,-0.01,-0.02,0.02
2959,-22.286898,-42.542292,8,862.00,2025/5/15,12:6:10,-0.28,927.75,0.58,0.06,9.09,-0.01,-0.02,0.02
3159,-22.286898,-42.542292,8,862.00,2025/5/15,12:6:10,-0.26,927.75,0.52,0.06,9.03,-0.01,-0.01,0.03
3359,-22.286899,-42.542292,8,862.00,2025/5/15,12:6:11,-0.22,927.74,0.51,0.03,8.94,-0.01,-0.02,0.02
3559,-22.286899,-42.542292,8,862.30,2025/5/15,12:6:11,-0.25,927.75,0.55,0.06,9.06,-0.01,-0.02,0.02
3759,-22.286899,-42.542292,8,862.30,2025/5/15,12:6:11,-0.23,927.75,0.49,-0.03,9.02,-0.01,-0.02,0.02
3959,-22.286899,-42.542292,8,862.30,2025/5/15,12:6:11,-0.64,927.79,0.57,0.04,9.12,-0.00,-0.02,0.02
4159,-22.286899,-42.542292,8,862.30,2025/5/15,12:6:11,-0.38,927.76,0.57,0.01,9.03,-0.00,-0.02,0.03
4359,-22.286903,-42.542290,8,862.30,2025/5/15,12:6:12,-0.55,927.78,0.47,0.09,9.16,0.00,0.00,0.02
4559,-22.286903,-42.542290,8,862.80,2025/5/15,12:6:12,-0.11,927.73,0.53,0.03,9.04,-0.01,-0.02,0.02
4759,-22.286903,-42.542290,8,862.80,2025/5/15,12:6:12,-0.31,927.75,0.52,0.04,9.03,-0.01,-0.02,0.02
4959,-22.286903,-42.542290,8,862.80,2025/5/15,12:6:12,-0.16,927.74,0.64,0.01,9.00,-0.01,-0.02,0.03
5159,-22.286903,-42.542290,8,862.80,2025/5/15,12:6:12,-0.61,927.74,0.59,0.08,9.01,-0.00,-0.02,0.03
5359,-22.286901,-42.542286,8,862.80,2025/5/15,12:6:13,-0.13,927.73,0.52,0.06,9.14,-0.00,-0.02,0.02
5559,-22.286901,-42.542286,8,862.60,2025/5/15,12:6:13,-0.35,927.76,0.52,0.04,9.00,-0.00,-0.02,0.03
5759,-22.286901,-42.542286,8,862.60,2025/5/15,12:6:13,-0.19,927.74,0.50,0.11,9.00,-0.00,-0.02,0.02
5959,-22.286901,-42.542286,8,862.60,2025/5/15,12:6:13,-0.27,927.75,0.59,0.08,9.07,-0.01,-0.02,0.02
6160,-22.286901,-42.542286,8,862.60,2025/5/15,12:6:13,-0.33,927.76,0.64,0.01,9.09,-0.01,-0.02,0.02
6360,-22.286902,-42.542289,8,862.60,2025/5/15,12:6:14,-0.06,927.73,0.58,-0.03,9.02,-0.00,-0.02,0.02
6560,-22.286902,-42.542289,8,862.80,2025/5/15,12:6:14,-0.44,927.77,0.58,0.04,9.06,-0.00,-0.02,0.03
6760,-22.286902,-42.542289,8,862.80,2025/5/15,12:6:14,-0.29,927.75,0.54,0.02,8.94,-0.00,-0.02,0.02
6960,-22.286902,-42.542289,8,862.80,2025/5/15,12:6:14,-0.11,927.73,0.57,0.09,8.98,-0.00,-0.01,0.02
7160,-22.286902,-42.542289,8,862.80,2025/5/15,12:6:14,-0.32,927.76,0.54,0.06,9.08,-0.00,-0.02,0.02
7360,-22.286901,-42.542288,8,862.80,2025/5/15,12:6:15,-0.09,927.73,0.56,0.02,9.00,-0.01,-0.02,0.03
7560,-22.286901,-42.542288,8,863.00,2025/5/15,12:6:15,-0.24,927.75,0.60,0.03,9.17,-0.01,-0.02,0.03
7760,-22.286901,-42.542288,8,863.00,2025/5/15,12:6:15,-0.47,927.77,0.56,0.06,9.06,-0.00,-0.02,0.02
7960,-22.286901,-42.542288,8,863.00,2025/5/15,12:6:15,-0.30,927.75,0.58,0.00,8.98,-0.00,-0.02,0.03
8161,-22.286901,-42.542288,8,863.00,2025/5/15,12:6:15,-0.32,927.76,0.53,-0.01,9.00,-0.01,-0.02,0.02
8361,-22.286897,-42.542285,8,863.00,2025/5/15,12:6:16,-0.20,927.74,0.58,0.03,9.03,-0.01,-0.02,0.02
8561,-22.286897,-42.542285,8,863.00,2025/5/15,12:6:16,-0.37,927.76,0.59,0.05,8.98,-0.01,-0.02,0.02
8761,-22.286897,-42.542285,8,863.00,2025/5/15,12:6:16,-0.14,927.74,0.51,0.04,9.05,-0.00,-0.02,0.02
8961,-22.286897,-42.542285,8,863.00,2025/5/15,12:6:16,-0.05,927.73,0.61,0.02,8.99,-0.01,-0.02,0.03
9161,-22.286897,-42.542285,8,863.00,2025/5/15,12:6:16,-0.24,927.75,0.60,0.08,9.05,-0.00,-0.02,0.02
9361,-22.286898,-42.542284,8,863.00,2025/5/15,12:6:17,-0.17,927.74,0.61,0.05,9.13,-0.01,-0.02,0.02
9561,-22.286898,-42.542284,8,863.20,2025/5/15,12:6:17,0.13,927.71,0.57,0.01,9.02,-0.00,-0.02,0.02
9761,-22.286898,-42.542284,8,863.20,2025/5/15,12:6:17,-0.00,927.72,0.51,0.08,9.06,-0.01,-0.02,0.02
9961,-22.286898,-42.542284,8,863.20,2025/5/15,12:6:17,0.01,927.72,0.58,0.01,8.98,-0.00,-0.02,0.02
10162,-22.286898,-42.542284,8,863.20,2025/5/15,12:6:17,0.06,927.71,0.54,0.04,9.16,-0.00,-0.02,0.02
10362,-22.286899,-42.542287,8,863.20,2025/5/15,12:6:18,-0.15,927.74,0.60,0.05,9.08,-0.00,-0.02,0.03
10562,-22.286899,-42.542287,8,862.80,2025/5/15,12:6:18,-0.12,927.73,0.53,0.06,9.07,-0.01,-0.02,0.02
10762,-22.286899,-42.542287,8,862.80,2025/5/15,12:6:18,-0.12,927.73,0.51,0.04,8.99,-0.00,-0.02,0.03
10962,-22.286899,-42.542287,8,862.80,2025/5/15,12:6:18,0.03,927.72,0.52,0.03,9.00,-0.01,-0.02,0.03
11162,-22.286899,-42.542287,8,862.80,2025/5/15,12:6:18,-0.08,927.73,0.56,0.04,9.10,-0.01,-0.02,0.02
11362,-22.286897,-42.542285,8,862.80,2025/5/15,12:6:19,-0.20,927.74,0.65,0.04,9.11,-0.01,-0.02,0.02
11562,-22.286897,-42.542285,8,862.90,2025/5/15,12:6:19,-0.28,927.75,0.59,0.01,8.88,-0.00,-0.02,0.02
11762,-22.286897,-42.542285,8,862.90,2025/5/15,12:6:19,-0.09,927.73,0.55,-0.01,8.98,-0.00,-0.02,0.02
11962,-22.286897,-42.542285,8,862.90,2025/5/15,12:6:19,-0.09,927.73,0.56,-0.06,9.00,-0.00,-0.02,0.03
12163,-22.286897,-42.542285,8,862.90,2025/5/15,12:6:19,-0.34,927.76,0.61,0.05,9.02,-0.01,-0.02,0.02
12363,-22.286896,-42.542284,8,862.90,2025/5/15,12:6:20,-0.08,927.73,0.62,0.07,9.00,-0.01,-0.02,0.03
12563,-22.286896,-42.542284,8,863.00,2025/5/15,12:6:20,-0.03,927.72,0.54,0.03,9.11,-0.01,-0.02,0.03
12763,-22.286896,-42.542284,8,863.00,2025/5/15,12:6:20,-0.05,927.73,0.57,-0.02,9.01,-0.01,-0.02,0.02
12963,-22.286896,-42.542284,8,863.00,2025/5/15,12:6:20,-0.28,927.75,0.58,0.05,8.99,-0.01,-0.02,0.02
13163,-22.286896,-42.542284,8,863.00,2025/5/15,12:6:20,-0.02,927.72,0.57,-0.00,9.05,-0.01,-0.02,0.02
13363,-22.286894,-42.542283,8,863.00,2025/5/15,12:6:21,-0.00,927.72,0.56,0.04,9.04,-0.01,-0.01,0.03
13563,-22.286894,-42.542283,8,862.70,2025/5/15,12:6:21,0.02,927.72,0.60,0.01,9.03,-0.00,-0.02,0.03
13763,-22.286894,-42.542283,8,862.70,2025/5/15,12:6:21,0.05,927.71,0.59,0.05,9.02,-0.00,-0.02,0.02
13963,-22.286894,-42.542283,8,862.70,2025/5/15,12:6:21,-0.17,927.74,0.53,0.00,9.01,-0.01,-0.01,0.03
14164,-22.286894,-42.542283,8,862.70,2025/5/15,12:6:21,0.01,927.72,0.62,0.00,9.00,-0.01,-0.02,0.03
14364,-22.286893,-42.542280,8,862.70,2025/5/15,12:6:22,-0.14,927.74,0.51,0.04,9.06,-0.00,-0.02,0.03
14564,-22.286893,-42.542280,8,862.70,2025/5/15,12:6:22,0.01,927.72,0.53,-0.00,9.01,-0.01,-0.02,0.02
14764,-22.286893,-42.542280,8,862.70,2025/5/15,12:6:22,-0.11,927.73,0.62,0.11,9.03,-0.01,-0.02,0.03
14964,-22.286893,-42.542280,8,862.70,2025/5/15,12:6:22,-0.14,927.74,0.54,0.02,9.13,-0.01,-0.02,0.02
15164,-22.286893,-42.542280,8,862.70,2025/5/15,12:6:22,-0.02,927.72,0.56,0.03,9.00,-0.00,-0.01,0.02
15364,-22.286892,-42.542278,8,862.70,2025/5/15,12:6:23,-0.10,927.73,0.57,0.00,9.04,-0.01,-0.02,0.03
15564,-22.286892,-42.542278,8,862.90,2025/5/15,12:6:23,-0.22,927.74,0.55,-0.04,9.05,-0.01,-0.02,0.02
15764,-22.286892,-42.542278,8,862.90,2025/5/15,12:6:23,0.18,927.70,0.57,0.00,8.96,-0.01,-0.02,0.02
15964,-22.286892,-42.542278,8,862.90,2025/5/15,12:6:23,-0.20,927.74,0.53,0.03,9.09,-0.01,-0.02,0.03
16165,-22.286892,-42.542278,8,862.90,2025/5/15,12:6:23,-0.08,927.73,0.61,-0.03,9.10,-0.01,-0.02,0.02
16365,-22.286891,-42.542277,8,862.90,2025/5/15,12:6:24,-0.37,927.73,0.58,0.12,8.96,-0.01,-0.01,0.02
16565,-22.286891,-42.542277,8,862.90,2025/5/15,12:6:24,-0.10,927.73,0.56,0.04,8.99,-0.00,-0.02,0.02
16765,-22.286891,-42.542277,8,862.90,2025/5/15,12:6:24,-0.08,927.73,0.54,0.08,9.04,-0.00,-0.02,0.03
16965,-22.286891,-42.542277,8,862.90,2025/5/15,12:6:24,-0.25,927.75,0.61,0.01,8.99,-0.01,-0.02,0.03
17165,-22.286891,-42.542277,8,862.90,2025/5/15,12:6:24,-0.22,927.74,0.57,0.04,9.09,-0.01,-0.02,0.02
17365,-22.286889,-42.542275,8,862.90,2025/5/15,12:6:25,0.07,927.71,0.53,-0.02,9.05,-0.00,-0.02,0.03
17565,-22.286889,-42.542275,8,862.80,2025/5/15,12:6:25,-0.17,927.74,0.53,0.07,8.98,-0.01,-0.02,0.03
17765,-22.286889,-42.542275,8,862.80,2025/5/15,12:6:25,0.01,927.72,0.53,0.04,9.03,-0.00,-0.02,0.02
17965,-22.286889,-42.542275,8,862.80,2025/5/15,12:6:25,-0.10,927.73,0.65,0.06,9.02,-0.01,-0.02,0.03
18166,-22.286889,-42.542275,8,862.80,2025/5/15,12:6:25,-0.10,927.73,0.50,0.03,8.97,-0.01,-0.02,0.03
18366,-22.286887,-42.542274,8,862.80,2025/5/15,12:6:26,0.14,927.70,0.58,0.06,9.03,-0.00,-0.02,0.03
18566,-22.286887,-42.542274,8,863.30,2025/5/15,12:6:26,-0.14,927.74,0.62,0.01,8.93,-0.00,-0.02,0.03
18766,-22.286887,-42.542274,8,863.30,2025/5/15,12:6:26,-0.17,927.74,0.62,0.03,8.98,-0.00,-0.02,0.03
18966,-22.286887,-42.542274,8,863.30,2025/5/15,12:6:26,-0.26,927.75,0.53,0.03,8.99,-0.01,-0.02,0.03
19166,-22.286887,-42.542274,8,863.30,2025/5/15,12:6:26,-0.23,927.75,0.70,-0.00,9.03,-0.00,-0.01,0.02
19366,-22.286886,-42.542273,8,863.30,2025/5/15,12:6:27,-0.11,927.73,0.58,0.07,9.06,-0.00,-0.02,0.03
19566,-22.286886,-42.542273,8,863.70,2025/5/15,12:6:27,-0.29,927.75,0.64,0.01,8.98,-0.01,-0.02,0.02
19766,-22.286886,-42.542273,8,863.70,2025/5/15,12:6:27,-0.17,927.74,0.49,0.05,9.01,-0.00,-0.02,0.02
19966,-22.286886,-42.542273,8,863.70,2025/5/15,12:6:27,0.17,927.70,0.56,-0.00,9.11,-0.01,-0.02,0.03
20167,-22.286886,-42.542273,8,863.70,2025/5/15,12:6:27,0.05,927.71,0.48,0.01,9.05,-0.01,-0.02,0.03
20367,-22.286885,-42.542272,8,863.70,2025/5/15,12:6:28,-0.19,927.74,0.59,0.05,9.04,-0.01,-0.02,0.03
20567,-22.286885,-42.542272,8,863.80,2025/5/15,12:6:28,-0.22,927.74,0.55,0.04,9.01,-0.00,-0.02,0.02
20767,-22.286885,-42.542272,8,863.80,2025/5/15,12:6:28,-0.10,927.73,0.53,0.00,9.03,-0.00,-0.02,0.03
20967,-22.286885,-42.542272,8,863.80,2025/5/15,12:6:28,0.04,927.72,0.51,0.05,9.10,-0.00,-0.02,0.02
21167,-22.286885,-42.542272,8,863.80,2025/5/15,12:6:28,0.04,927.72,0.57,0.03,9.03,-0.01,-0.02,0.03
21367,-22.286885,-42.542270,8,863.80,2025/5/15,12:6:29,-0.25,927.75,0.49,0.03,9.03,-0.00,-0.02,0.02
21567,-22.286885,-42.542270,8,864.70,2025/5/15,12:6:29,-0.04,927.72,0.51,0.05,9.04,-0.01,-0.02,0.02
21767,-22.286885,-42.542270,8,864.70,2025/5/15,12:6:29,0.17,927.70,0.54,0.02,9.18,-0.01,-0.02,0.03
21967,-22.286885,-42.542270,8,864.70,2025/5/15,12:6:29,0.02,927.72,0.54,0.08,9.11,-0.00,-0.02,0.02
22168,-22.286885,-42.542270,8,864.70,2025/5/15,12:6:29,0.13,927.71,0.52,-0.00,9.01,-0.01,-0.02,0.02
22368,-22.286888,-42.542273,8,864.70,2025/5/15,12:6:30,-0.05,927.73,0.52,0.07,9.08,-0.01,-0.02,0.03
22568,-22.286888,-42.542273,8,864.80,2025/5/15,12:6:30,-0.16,927.74,0.52,0.09,8.96,-0.01,-0.02,0.03
22768,-22.286888,-42.542273,8,864.80,2025/5/15,12:6:30,-0.14,927.74,0.54,-0.01,9.05,-0.00,-0.02,0.02
22968,-22.286888,-42.542273,8,864.80,2025/5/15,12:6:30,-0.13,927.73,0.58,0.10,9.01,-0.00,-0.02,0.02
23168,-22.286888,-42.542273,8,864.80,2025/5/15,12:6:30,-0.16,927.74,0.59,0.02,9.01,-0.01,-0.02,0.02
23368,-22.286893,-42.542276,8,864.80,2025/5/15,12:6:31,-0.10,927.73,0.56,0.02,9.03,-0.01,-0.02,0.03
23568,-22.286893,-42.542276,8,866.20,2025/5/15,12:6:31,-0.17,927.74,0.60,0.04,9.00,-0.01,-0.02,0.03
23768,-22.286893,-42.542276,8,866.20,2025/5/15,12:6:31,0.23,927.69,0.62,0.04,9.10,-0.00,-0.02,0.03
23968,-22.286893,-42.542276,8,866.20,2025/5/15,12:6:31,0.01,927.72,0.64,0.06,9.02,-0.00,-0.02,0.02
24169,-22.286893,-42.542276,8,866.20,2025/5/15,12:6:31,-0.19,927.74,0.55,0.02,8.99,-0.01,-0.02,0.03
24369,-22.286895,-42.542278,8,866.20,2025/5/15,12:6:32,-0.07,927.73,0.58,0.07,9.06,-0.01,-0.02,0.03
24569,-22.286895,-42.542278,8,866.50,2025/5/15,12:6:32,0.05,927.71,0.59,-0.02,9.03,-0.01,-0.02,0.03
24769,-22.286895,-42.542278,8,866.50,2025/5/15,12:6:32,0.13,927.71,0.47,0.02,9.04,-0.01,-0.02,0.03
24969,-22.286895,-42.542278,8,866.50,2025/5/15,12:6:32,-0.16,927.72,0.55,0.02,9.07,-0.01,-0.02,0.02
25169,-22.286895,-42.542278,8,866.50,2025/5/15,12:6:32,-0.01,927.72,0.52,0.04,9.02,-0.01,-0.01,0.02
25369,-22.286895,-42.542278,8,866.50,2025/5/15,12:6:33,-0.14,927.74,0.57,0.05,9.05,-0.01,-0.02,0.03
25569,-22.286895,-42.542278,8,867.30,2025/5/15,12:6:33,0.01,927.72,0.59,0.04,8.98,-0.01,-0.02,0.02
25769,-22.286895,-42.542278,8,867.30,2025/5/15,12:6:33,-0.14,927.74,0.54,-0.03,8.98,-0.01,-0.02,0.03
25969,-22.286895,-42.542278,8,867.30,2025/5/15,12:6:33,-0.41,927.77,0.55,0.05,9.06,-0.00,-0.02,0.02
26170,-22.286895,-42.542278,8,867.30,2025/5/15,12:6:33,-0.25,927.75,0.57,-0.01,9.07,-0.01,-0.01,0.02
26370,-22.286898,-42.542280,8,867.30,2025/5/15,12:6:34,-0.10,927.73,0.62,0.04,9.06,-0.01,-0.01,0.03
26570,-22.286898,-42.542280,8,868.50,2025/5/15,12:6:34,-0.04,927.72,0.52,0.11,8.95,-0.01,-0.01,0.03
26770,-22.286898,-42.542280,8,868.50,2025/5/15,12:6:34,-0.20,927.74,0.66,0.01,9.00,-0.01,-0.02,0.02
26970,-22.286898,-42.542280,8,868.50,2025/5/15,12:6:34,-0.15,927.74,0.52,0.01,9.01,-0.00,-0.02,0.02
27170,-22.286898,-42.542280,8,868.50,2025/5/15,12:6:34,-0.23,927.75,0.55,0.03,9.03,-0.01,-0.01,0.03
27370,-22.286897,-42.542279,8,868.50,2025/5/15,12:6:35,-0.04,927.72,0.61,0.07,9.04,-0.01,-0.02,0.02
27570,-22.286897,-42.542279,8,868.80,2025/5/15,12:6:35,-0.20,927.74,0.55,0.03,9.07,-0.01,-0.02,0.03
27770,-22.286897,-42.542279,8,868.80,2025/5/15,12:6:35,-0.04,927.72,0.56,-0.00,8.95,-0.01,-0.02,0.02
27970,-22.286897,-42.542279,8,868.80,2025/5/15,12:6:35,-0.16,927.74,0.57,0.02,8.97,-0.01,-0.02,0.03
28171,-22.286897,-42.542279,8,868.80,2025/5/15,12:6:35,-0.07,927.73,0.61,0.03,9.00,-0.01,-0.02,0.03
28371,-22.286898,-42.542280,8,868.80,2025/5/15,12:6:36,0.04,927.72,0.57,0.01,9.03,-0.01,-0.02,0.03
28571,-22.286898,-42.542280,8,870.10,2025/5/15,12:6:36,-0.04,927.72,0.59,0.00,9.04,-0.01,-0.02,0.03
28771,-22.286898,-42.542280,8,870.10,2025/5/15,12:6:36,-0.10,927.73,0.56,0.09,8.94,-0.00,-0.02,0.03
28971,-22.286898,-42.542280,8,870.10,2025/5/15,12:6:36,-0.27,927.75,0.63,0.02,8.98,-0.00,-0.02,0.02
29171,-22.286898,-42.542280,8,870.10,2025/5/15,12:6:36,-0.28,927.75,0.55,0.01,9.06,-0.01,-0.02,0.02
29371,-22.286898,-42.542279,8,870.10,2025/5/15,12:6:37,-0.21,927.74,0.64,0.03,9.02,-0.01,-0.02,0.02
29571,-22.286898,-42.542279,8,870.70,2025/5/15,12:6:37,-0.04,927.72,0.65,0.06,9.00,-0.01,-0.02,0.03
29771,-22.286898,-42.542279,8,870.70,2025/5/15,12:6:37,-0.15,927.74,0.49,0.02,9.03,-0.01,-0.02,0.02
29971,-22.286898,-42.542279,8,870.70,2025/5/15,12:6:37,-0.12,927.73,0.56,0.04,9.04,-0.01,-0.02,0.03
30172,-22.286898,-42.542279,8,870.70,2025/5/15,12:6:37,-0.10,927.73,0.57,0.00,9.08,-0.01,-0.02,0.03
30372,-22.286900,-42.542280,8,870.70,2025/5/15,12:6:38,-0.43,927.77,0.53,0.03,9.00,-0.00,-0.02,0.02
30572,-22.286900,-42.542280,8,870.90,2025/5/15,12:6:38,-0.32,927.76,0.58,0.07,9.01,-0.00,-0.02,0.03
30772,-22.286900,-42.542280,8,870.90,2025/5/15,12:6:38,-0.32,927.76,0.53,0.04,9.03,-0.01,-0.01,0.02
30972,-22.286900,-42.542280,8,870.90,2025/5/15,12:6:38,-0.52,927.78,0.51,0.01,9.03,-0.01,-0.02,0.03
31172,-22.286900,-42.542280,8,870.90,2025/5/15,12:6:38,-0.23,927.75,0.64,0.03,9.02,-0.01,-0.01,0.02
31372,-22.286899,-42.542279,8,870.90,2025/5/15,12:6:39,0.02,927.72,0.54,0.04,9.09,-0.01,-0.02,0.02
31572,-22.286899,-42.542279,8,872.10,2025/5/15,12:6:39,-0.08,927.73,0.59,0.06,8.97,-0.00,-0.02,0.02
31772,-22.286899,-42.542279,8,872.10,2025/5/15,12:6:39,-0.42,927.77,0.59,0.06,9.07,-0.01,-0.02,0.02
31972,-22.286899,-42.542279,8,872.10,2025/5/15,12:6:39,-0.30,927.75,0.55,0.05,9.11,-0.01,-0.02,0.03
32173,-22.286899,-42.542279,8,872.10,2025/5/15,12:6:39,-0.16,927.74,0.53,0.04,9.02,-0.01,-0.02,0.03
32373,-22.286900,-42.542284,8,872.10,2025/5/15,12:6:40,0.14,927.70,0.51,-0.02,9.05,-0.00,-0.02,0.02
32573,-22.286900,-42.542284,8,872.80,2025/5/15,12:6:40,-0.37,927.76,0.52,0.05,9.00,-0.00,-0.02,0.02
32773,-22.286900,-42.542284,8,872.80,2025/5/15,12:6:40,-0.27,927.75,0.57,0.03,9.02,-0.01,-0.01,0.03
32973,-22.286900,-42.542284,8,872.80,2025/5/15,12:6:40,-0.19,927.74,0.54,0.07,9.08,-0.01,-0.02,0.02
33173,-22.286900,-42.542284,8,872.80,2025/5/15,12:6:40,-0.18,927.74,0.62,0.02,9.12,-0.00,-0.02,0.02
33373,-22.286897,-42.542282,8,872.80,2025/5/15,12:6:41,-0.07,927.73,0.49,0.03,9.11,-0.00,-0.02,0.02
33573,-22.286897,-42.542282,8,873.00,2025/5/15,12:6:41,0.18,927.70,0.53,0.04,9.06,-0.00,-0.02,0.03
33773,-22.286897,-42.542282,8,873.00,2025/5/15,12:6:41,0.01,927.72,0.53,0.00,9.02,-0.01,-0.02,0.03
33973,-22.286897,-42.542282,8,873.00,2025/5/15,12:6:41,-0.09,927.73,0.57,0.02,9.06,-0.00,-0.02,0.02
34174,-22.286897,-42.542282,8,873.00,2025/5/15,12:6:41,-0.15,927.74,0.54,-0.01,9.00,-0.00,-0.01,0.02
34374,-22.286900,-42.542283,8,873.00,2025/5/15,12:6:42,0.06,927.71,0.60,0.06,9.04,-0.01,-0.02,0.02
34574,-22.286900,-42.542283,8,873.80,2025/5/15,12:6:42,-0.24,927.75,0.59,-0.01,8.95,-0.01,-0.02,0.02
34774,-22.286900,-42.542283,8,873.80,2025/5/15,12:6:42,-0.21,927.74,0.63,-0.01,9.06,-0.00,-0.02,0.02
34974,-22.286900,-42.542283,8,873.80,2025/5/15,12:6:42,-0.09,927.73,0.58,-0.02,8.97,-0.00,-0.02,0.03
35174,-22.286900,-42.542283,8,873.80,2025/5/15,12:6:42,-0.18,927.74,0.60,0.08,8.96,-0.00,-0.02,0.03
35374,-22.286896,-42.542280,8,873.80,2025/5/15,12:6:43,-0.36,927.76,0.53,-0.01,9.00,-0.00,-0.02,0.02
35574,-22.286896,-42.542280,8,874.00,2025/5/15,12:6:43,-0.27,927.75,0.59,0.05,9.07,-0.00,-0.02,0.03
35774,-22.286896,-42.542280,8,874.00,2025/5/15,12:6:43,-0.20,927.74,0.59,0.04,8.95,-0.00,-0.02,0.03
35974,-22.286896,-42.542280,8,874.00,2025/5/15,12:6:43,-0.44,927.77,0.58,0.07,9.04,-0.00,-0.02,0.02
36175,-22.286896,-42.542280,8,874.00,2025/5/15,12:6:43,-0.13,927.73,0.59,0.05,9.04,-0.01,-0.02,0.02
36375,-22.286898,-42.542282,8,874.00,2025/5/15,12:6:44,-0.03,927.75,0.55,0.04,9.03,-0.01,-0.02,0.02
36575,-22.286898,-42.542282,8,875.30,2025/5/15,12:6:44,0.06,927.71,0.54,-0.01,9.05,-0.00,-0.02,0.02
36775,-22.286898,-42.542282,8,875.30,2025/5/15,12:6:44,-0.21,927.74,0.51,0.01,9.04,-0.01,-0.02,0.03
36975,-22.286898,-42.542282,8,875.30,2025/5/15,12:6:44,-0.47,927.77,0.62,0.07,8.95,-0.00,-0.02,0.02
37175,-22.286898,-42.542282,8,875.30,2025/5/15,12:6:44,-0.38,927.76,0.59,0.01,9.02,-0.01,-0.02,0.03
37375,-22.286896,-42.542281,8,875.30,2025/5/15,12:6:45,-0.35,927.76,0.58,-0.05,9.05,-0.01,-0.02,0.02
37575,-22.286896,-42.542281,8,875.30,2025/5/15,12:6:45,-0.26,927.75,0.53,-0.00,9.06,-0.01,-0.02,0.02
37775,-22.286896,-42.542281,8,875.30,2025/5/15,12:6:45,-0.39,927.76,0.56,0.00,9.02,-0.00,-0.02,0.03
37975,-22.286896,-42.542281,8,875.30,2025/5/15,12:6:45,-0.33,927.76,0.58,0.01,9.03,-0.00,-0.01,0.03
38176,-22.286896,-42.542281,8,875.30,2025/5/15,12:6:45,-0.24,927.75,0.54,0.04,8.95,-0.01,-0.02,0.02
38376,-22.286895,-42.542279,8,875.30,2025/5/15,12:6:46,-0.21,927.74,0.54,0.01,9.02,-0.00,-0.02,0.03
38576,-22.286895,-42.542279,8,875.80,2025/5/15,12:6:46,-0.26,927.75,0.60,0.05,9.10,-0.01,-0.02,0.03
38776,-22.286895,-42.542279,8,875.80,2025/5/15,12:6:46,-0.15,927.74,0.54,0.06,9.00,-0.01,-0.02,0.02
38976,-22.286895,-42.542279,8,875.80,2025/5/15,12:6:46,-0.23,927.74,0.58,0.06,9.02,-0.00,-0.02,0.02
39176,-22.286895,-42.542279,8,875.80,2025/5/15,12:6:46,-0.36,927.76,0.58,0.00,9.02,-0.01,-0.02,0.03
39376,-22.286893,-42.542278,8,875.80,2025/5/15,12:6:47,-0.30,927.75,0.59,-0.01,9.01,-0.01,-0.02,0.02
39576,-22.286893,-42.542278,8,876.10,2025/5/15,12:6:47,-0.41,927.76,0.55,0.05,9.12,-0.00,-0.02,0.02
39776,-22.286893,-42.542278,8,876.10,2025/5/15,12:6:47,-0.23,927.74,0.55,0.02,9.01,-0.01,-0.02,0.02
39976,-22.286893,-42.542278,8,876.10,2025/5/15,12:6:47,-0.36,927.76,0.52,0.06,8.99,-0.00,-0.02,0.02
40177,-22.286893,-42.542278,8,876.10,2025/5/15,12:6:47,-0.15,927.74,0.54,0.06,8.99,-0.00,-0.02,0.03
40377,-22.286893,-42.542277,8,876.10,2025/5/15,12:6:48,-0.32,927.76,0.55,0.04,9.05,-0.01,-0.02,0.02
40577,-22.286893,-42.542277,8,877.00,2025/5/15,12:6:48,-0.33,927.76,0.63,0.04,9.08,-0.01,-0.02,0.02
40777,-22.286893,-42.542277,8,877.00,2025/5/15,12:6:48,-0.17,927.74,0.53,0.08,9.02,-0.00,-0.02,0.02
40977,-22.286893,-42.542277,8,877.00,2025/5/15,12:6:48,-0.36,927.76,0.65,-0.04,8.90,-0.01,-0.02,0.03
41177,-22.286893,-42.542277,8,877.00,2025/5/15,12:6:48,-0.14,927.74,0.54,-0.00,9.01,-0.01,-0.02,0.03
41377,-22.286888,-42.542272,8,877.00,2025/5/15,12:6:49,-0.21,927.74,0.59,0.05,9.03,-0.01,-0.02,0.03
41577,-22.286888,-42.542272,8,877.30,2025/5/15,12:6:49,-0.33,927.76,0.55,0.02,9.03,-0.01,-0.01,0.02
41777,-22.286888,-42.542272,8,877.30,2025/5/15,12:6:49,-0.35,927.76,0.60,0.04,8.98,-0.00,-0.02,0.03
41977,-22.286888,-42.542272,8,877.30,2025/5/15,12:6:49,-0.02,927.72,0.56,0.05,8.99,-0.00,-0.02,0.02
42178,-22.286888,-42.542272,8,877.30,2025/5/15,12:6:49,-0.15,927.74,0.53,0.00,9.05,-0.01,-0.02,0.03
42378,-22.286886,-42.542269,8,877.30,2025/5/15,12:6:50,-0.24,927.75,0.51,0.05,8.93,-0.01,-0.02,0.02
42578,-22.286886,-42.542269,8,877.60,2025/5/15,12:6:50,-0.12,927.73,0.57,0.06,9.00,-0.01,-0.02,0.02
42778,-22.286886,-42.542269,8,877.60,2025/5/15,12:6:50,-0.24,927.75,0.61,0.04,9.06,-0.01,-0.02,0.03
42978,-22.286886,-42.542269,8,877.60,2025/5/15,12:6:50,-0.36,927.76,0.53,0.05,9.03,-0.01,-0.02,0.02
43178,-22.286886,-42.542269,8,877.60,2025/5/15,12:6:50,-0.03,927.72,0.59,0.02,9.05,-0.00,-0.01,0.03
43378,-22.286884,-42.542267,8,877.60,2025/5/15,12:6:51,-0.24,927.75,0.58,-0.02,9.02,-0.01,-0.01,0.02
43578,-22.286884,-42.542267,8,878.00,2025/5/15,12:6:51,-0.35,927.76,0.66,0.06,8.93,-0.00,-0.02,0.03
43778,-22.286884,-42.542267,8,878.00,2025/5/15,12:6:51,-0.27,927.75,0.56,0.05,9.02,-0.01,-0.02,0.02
43978,-22.286884,-42.542267,8,878.00,2025/5/15,12:6:51,-0.21,927.74,0.57,0.05,8.93,-0.01,-0.02,0.03
44179,-22.286884,-42.542267,8,878.00,2025/5/15,12:6:51,-0.26,927.75,0.57,0.04,9.10,-0.00,-0.02,0.03
44379,-22.286886,-42.542263,8,878.00,2025/5/15,12:6:52,-0.47,927.77,0.57,-0.01,9.07,-0.00,-0.01,0.02
44579,-22.286886,-42.542263,8,879.50,2025/5/15,12:6:52,-0.39,927.76,0.53,0.03,9.05,-0.01,-0.02,0.02
44779,-22.286886,-42.542263,8,879.50,2025/5/15,12:6:52,-0.12,927.73,0.52,0.02,8.99,-0.01,-0.02,0.02
44979,-22.286886,-42.542263,8,879.50,2025/5/15,12:6:52,-0.33,927.76,0.50,0.04,9.03,-0.01,-0.02,0.02
45179,-22.286886,-42.542263,8,879.50,2025/5/15,12:6:52,-0.32,927.75,0.55,-0.04,8.99,-0.01,-0.02,0.03
45379,-22.286890,-42.542265,8,879.50,2025/5/15,12:6:53,-0.33,927.76,0.52,0.04,8.93,-0.00,-0.02,0.02
45579,-22.286890,-42.542265,8,881.00,2025/5/15,12:6:53,-0.26,927.75,0.63,-0.00,9.01,-0.00,-0.02,0.03
45779,-22.286890,-42.542265,8,881.00,2025/5/15,12:6:53,-0.50,927.77,0.58,-0.00,8.99,-0.01,-0.02,0.02
45979,-22.286890,-42.542265,8,881.00,2025/5/15,12:6:53,-0.26,927.75,0.56,-0.01,8.94,-0.01,-0.02,0.02
46180,-22.286890,-42.542265,8,881.00,2025/5/15,12:6:53,-0.42,927.77,0.56,0.04,8.99,-0.01,-0.02,0.03
46380,-22.286890,-42.542250,8,881.00,2025/5/15,12:6:54,-0.29,927.75,0.60,-0.01,8.93,-0.00,-0.02,0.02
46580,-22.286890,-42.542250,7,881.20,2025/5/15,12:6:54,-0.33,927.76,0.58,0.02,9.04,-0.00,-0.02,0.03
46780,-22.286890,-42.542250,7,881.20,2025/5/15,12:6:54,-0.42,927.77,0.57,0.02,8.96,-0.01,-0.02,0.02
46980,-22.286890,-42.542250,7,881.20,2025/5/15,12:6:54,-0.15,927.74,0.63,-0.00,8.98,-0.00,-0.02,0.02
47180,-22.286890,-42.542250,7,881.20,2025/5/15,12:6:54,-0.45,927.77,0.55,0.03,9.03,-0.01,-0.01,0.03
47380,-22.286886,-42.542242,7,881.20,2025/5/15,12:6:55,-0.44,927.77,0.55,0.03,8.98,-0.01,-0.02,0.03
47580,-22.286886,-42.542242,7,882.00,2025/5/15,12:6:55,-0.18,927.74,0.55,0.03,9.01,-0.01,-0.02,0.02
47780,-22.286886,-42.542242,7,882.00,2025/5/15,12:6:55,-0.35,927.76,0.58,0.03,8.98,-0.00,-0.02,0.02
47980,-22.286886,-42.542242,7,882.00,2025/5/15,12:6:55,-0.33,927.76,0.54,-0.06,9.05,-0.01,-0.02,0.03
48181,-22.286886,-42.542242,7,882.00,2025/5/15,12:6:55,-0.57,927.78,0.55,0.02,9.08,-0.01,-0.02,0.02
48381,-22.286886,-42.542242,7,882.00,2025/5/15,12:6:56,-0.20,927.74,0.56,0.04,9.08,-0.01,-0.02,0.03
48581,-22.286886,-42.542242,7,882.80,2025/5/15,12:6:56,-0.36,927.76,0.58,0.02,9.05,-0.00,-0.02,0.03
48781,-22.286886,-42.542242,7,882.80,2025/5/15,12:6:56,-0.14,927.74,0.58,0.05,9.02,-0.01,-0.01,0.02
48981,-22.286886,-42.542242,7,882.80,2025/5/15,12:6:56,-0.05,927.73,0.60,0.06,8.97,-0.01,-0.02,0.03
49181,-22.286886,-42.542242,7,882.80,2025/5/15,12:6:56,-0.02,927.72,0.63,0.06,8.98,-0.00,-0.02,0.03
49381,-22.286883,-42.542240,7,882.80,2025/5/15,12:6:57,-0.24,927.75,0.57,0.02,9.04,-0.00,-0.02,0.02
49581,-22.286883,-42.542240,7,883.30,2025/5/15,12:6:57,-0.33,927.76,0.53,0.04,9.09,-0.00,-0.02,0.02
49781,-22.286883,-42.542240,7,883.30,2025/5/15,12:6:57,-0.24,927.75,0.59,0.07,8.97,-0.01,-0.02,0.02
49981,-22.286883,-42.542240,7,883.30,2025/5/15,12:6:57,-0.36,927.76,0.56,-0.01,9.02,-0.01,-0.02,0.02
50182,-22.286883,-42.542240,7,883.30,2025/5/15,12:6:57,-0.30,927.75,0.53,0.03,8.96,-0.00,-0.02,0.03
50382,-22.286887,-42.542241,7,883.30,2025/5/15,12:6:58,-0.15,927.74,0.55,-0.01,9.00,-0.01,-0.02,0.03
50582,-22.286887,-42.542241,7,884.00,2025/5/15,12:6:58,-0.24,927.75,0.62,0.09,9.01,-0.01,-0.02,0.03
50782,-22.286887,-42.542241,7,884.00,2025/5/15,12:6:58,-0.17,927.74,0.53,0.03,9.10,-0.00,-0.02,0.02
50982,-22.286887,-42.542241,7,884.00,2025/5/15,12:6:58,-0.24,927.75,0.54,0.05,9.03,-0.01,-0.02,0.03
51182,-22.286887,-42.542241,7,884.00,2025/5/15,12:6:58,-0.27,927.75,0.51,0.03,9.01,-0.00,-0.02,0.02
51382,-22.286887,-42.542238,7,884.00,2025/5/15,12:6:59,-0.20,927.74,0.60,-0.01,8.97,-0.01,-0.02,0.02
51582,-22.286887,-42.542238,7,884.60,2025/5/15,12:6:59,-0.29,927.75,0.54,0.06,9.04,-0.00,-0.02,0.03
51782,-22.286887,-42.542238,7,884.60,2025/5/15,12:6:59,-0.18,927.74,0.67,0.03,8.98,-0.00,-0.02,0.02
51982,-22.286887,-42.542238,7,884.60,2025/5/15,12:6:59,-0.27,927.75,0.57,-0.03,8.93,-0.00,-0.02,0.03
52183,-22.286887,-42.542238,7,884.60,2025/5/15,12:6:59,-0.00,927.72,0.54,0.07,9.10,-0.00,-0.02,0.02
52383,-22.286886,-42.542239,7,884.60,2025/5/15,12:7:0,-0.22,927.74,0.60,0.04,8.98,-0.00,-0.02,0.02
52583,-22.286886,-42.542239,7,885.30,2025/5/15,12:7:0,-0.51,927.78,0.57,0.01,9.02,-0.00,-0.02,0.03
52783,-22.286886,-42.542239,7,885.30,2025/5/15,12:7:0,-0.32,927.76,0.54,0.04,9.02,-0.01,-0.02,0.03
52983,-22.286886,-42.542239,7,885.30,2025/5/15,12:7:0,-0.12,927.73,0.49,0.03,9.00,-0.01,-0.02,0.02
53183,-22.286886,-42.542239,7,885.30,2025/5/15,12:7:0,-0.19,927.74,0.49,0.04,9.05,-0.01,-0.02,0.03
53383,-22.286884,-42.542236,7,885.30,2025/5/15,12:7:1,-0.25,927.75,0.53,-0.01,9.02,-0.00,-0.02,0.03
53583,-22.286884,-42.542236,7,885.20,2025/5/15,12:7:1,-0.07,927.73,0.58,0.05,9.02,-0.01,-0.02,0.03
53783,-22.286884,-42.542236,7,885.20,2025/5/15,12:7:1,-0.16,927.74,0.60,0.05,9.03,-0.01,-0.02,0.02
53983,-22.286884,-42.542236,7,885.20,2025/5/15,12:7:1,-0.19,927.74,0.57,0.09,8.99,-0.01,-0.02,0.02
54184,-22.286884,-42.542236,7,885.20,2025/5/15,12:7:1,-0.05,927.73,0.56,0.06,9.00,-0.01,-0.02,0.03
54384,-22.286883,-42.542235,7,885.20,2025/5/15,12:7:2,-0.37,927.76,0.58,0.04,9.03,-0.01,-0.02,0.02
54584,-22.286883,-42.542235,7,885.50,2025/5/15,12:7:2,-0.37,927.76,0.62,0.00,9.05,-0.00,-0.02,0.03
54784,-22.286883,-42.542235,7,885.50,2025/5/15,12:7:2,-0.25,927.75,0.55,0.02,9.00,-0.00,-0.02,0.03
54984,-22.286883,-42.542235,7,885.50,2025/5/15,12:7:2,-0.49,927.77,0.57,0.00,8.99,-0.00,-0.02,0.02
55184,-22.286883,-42.542235,7,885.50,2025/5/15,12:7:2,-0.22,927.74,0.55,0.03,8.94,-0.00,-0.02,0.02
55384,-22.286884,-42.542235,7,885.50,2025/5/15,12:7:3,-0.35,927.76,0.57,0.04,8.99,-0.01,-0.01,0.03
55584,-22.286884,-42.542235,7,886.40,2025/5/15,12:7:3,-0.38,927.76,0.61,0.05,8.97,-0.01,-0.02,0.02
55784,-22.286884,-42.542235,7,886.40,2025/5/15,12:7:3,-0.44,927.77,0.51,0.00,8.99,-0.01,-0.02,0.02
55984,-22.286884,-42.542235,7,886.40,2025/5/15,12:7:3,-0.38,927.76,0.51,0.05,8.94,-0.01,-0.02,0.03
56185,-22.286884,-42.542235,7,886.40,2025/5/15,12:7:3,-0.10,927.73,0.55,0.04,9.01,-0.00,-0.02,0.02
56385,-22.286887,-42.542235,7,886.40,2025/5/15,12:7:4,-0.47,927.77,0.65,0.04,9.08,-0.01,-0.02,0.02
56585,-22.286887,-42.542235,7,885.80,2025/5/15,12:7:4,-0.53,927.78,0.54,0.02,9.00,-0.01,-0.02,0.03
56785,-22.286887,-42.542235,7,885.80,2025/5/15,12:7:4,-0.34,927.76,0.57,0.04,9.06,-0.01,-0.02,0.02
56985,-22.286887,-42.542235,7,885.80,2025/5/15,12:7:4,-0.59,927.79,0.52,0.02,9.02,-0.00,-0.02,0.02
57185,-22.286887,-42.542235,7,885.80,2025/5/15,12:7:4,-0.43,927.77,0.59,-0.02,8.97,-0.01,-0.02,0.03
57385,-22.286889,-42.542238,7,885.80,2025/5/15,12:7:5,-0.22,927.74,0.58,-0.01,8.98,-0.00,-0.02,0.02
57585,-22.286889,-42.542238,7,885.20,2025/5/15,12:7:5,-0.41,927.77,0.62,-0.00,9.02,-0.00,-0.02,0.03
57785,-22.286889,-42.542238,7,885.20,2025/5/15,12:7:5,-0.52,927.78,0.53,0.02,9.03,-0.00,-0.02,0.02
57985,-22.286889,-42.542238,7,885.20,2025/5/15,12:7:5,-0.50,927.78,0.54,0.06,9.06,-0.00,-0.02,0.02
58186,-22.286889,-42.542238,7,885.20,2025/5/15,12:7:5,-0.43,927.77,0.55,0.00,9.04,-0.01,-0.02,0.03
58386,-22.286891,-42.542241,7,885.20,2025/5/15,12:7:6,-0.65,927.79,0.53,0.02,9.07,-0.00,-0.02,0.02
58586,-22.286891,-42.542241,8,885.30,2025/5/15,12:7:6,0.08,927.71,0.59,0.01,9.07,-0.01,-0.02,0.02
58786,-22.286891,-42.542241,8,885.30,2025/5/15,12:7:6,-0.26,927.75,0.62,0.03,9.01,-0.01,-0.02,0.03
58986,-22.286891,-42.542241,8,885.30,2025/5/15,12:7:6,-0.26,927.75,0.61,0.04,9.02,-0.00,-0.02,0.03
59186,-22.286891,-42.542241,8,885.30,2025/5/15,12:7:6,-0.49,927.77,0.64,0.01,8.99,-0.01,-0.02,0.02
59386,-22.286896,-42.542247,8,885.30,2025/5/15,12:7:7,-0.61,927.79,0.58,0.02,9.03,-0.00,-0.01,0.02
59586,-22.286896,-42.542247,8,885.40,2025/5/15,12:7:7,-0.49,927.77,0.57,-0.01,9.05,-0.00,-0.02,0.03
59786,-22.286896,-42.542247,8,885.40,2025/5/15,12:7:7,-0.13,927.73,0.54,0.03,8.91,-0.01,-0.02,0.02
59986,-22.286896,-42.542247,8,885.40,2025/5/15,12:7:7,-0.56,927.78,0.55,0.09,9.05,-0.01,-0.02,0.02
60187,-22.286896,-42.542247,8,885.40,2025/5/15,12:7:7,-0.70,927.80,0.57,0.05,9.01,-0.01,-0.02,0.02
60387,-22.286899,-42.542252,8,885.40,2025/5/15,12:7:8,-0.53,927.78,0.56,0.06,9.02,-0.00,-0.02,0.02
60587,-22.286899,-42.542252,8,884.80,2025/5/15,12:7:8,-0.42,927.77,0.45,-0.02,9.07,-0.01,-0.02,0.03
60787,-22.286899,-42.542252,8,884.80,2025/5/15,12:7:8,-0.65,927.79,0.55,0.04,9.02,-0.01,-0.02,0.02
60987,-22.286899,-42.542252,8,884.80,2025/5/15,12:7:8,-0.40,927.76,0.61,0.05,9.00,-0.01,-0.02,0.03
61187,-22.286899,-42.542252,8,884.80,2025/5/15,12:7:8,-0.46,927.77,0.58,0.03,8.99,-0.01,-0.02,0.03
61387,-22.286899,-42.542252,8,884.80,2025/5/15,12:7:9,-0.47,927.77,0.51,0.07,8.94,-0.00,-0.02,0.03
61587,-22.286899,-42.542252,8,884.10,2025/5/15,12:7:9,-0.26,927.75,0.59,0.03,9.06,-0.01,-0.02,0.02
61787,-22.286899,-42.542252,8,884.10,2025/5/15,12:7:9,-0.61,927.79,0.53,0.09,9.05,-0.01,-0.02,0.03
61987,-22.286899,-42.542252,8,884.10,2025/5/15,12:7:9,-0.64,927.79,0.58,0.05,9.00,-0.01,-0.01,0.03
62188,-22.286899,-42.542252,8,884.10,2025/5/15,12:7:9,-0.57,927.78,0.55,0.02,9.00,-0.00,-0.02,0.03
62388,-22.286901,-42.542254,8,884.10,2025/5/15,12:7:10,-0.35,927.76,0.55,0.04,9.08,-0.00,-0.02,0.03
62588,-22.286901,-42.542254,8,884.50,2025/5/15,12:7:10,-0.28,927.75,0.54,0.00,8.99,-0.01,-0.02,0.02
62788,-22.286901,-42.542254,8,884.50,2025/5/15,12:7:10,-0.34,927.76,0.58,0.04,9.03,-0.00,-0.01,0.03
62988,-22.286901,-42.542254,8,884.50,2025/5/15,12:7:10,-0.40,927.76,0.59,0.06,8.97,-0.00,-0.02,0.03
63188,-22.286901,-42.542254,8,884.50,2025/5/15,12:7:10,-0.25,927.75,0.53,0.02,8.98,-0.01,-0.01,0.02
63388,-22.286899,-42.542256,8,884.50,2025/5/15,12:7:11,-0.32,927.76,0.56,0.03,8.99,-0.01,-0.02,0.02
63588,-22.286899,-42.542256,8,883.90,2025/5/15,12:7:11,-0.35,927.76,0.57,0.05,8.99,-0.01,-0.02,0.02
63788,-22.286899,-42.542256,8,883.90,2025/5/15,12:7:11,-0.34,927.76,0.60,0.05,9.03,-0.00,-0.02,0.03
63988,-22.286899,-42.542256,8,883.90,2025/5/15,12:7:11,-0.51,927.78,0.60,-0.01,9.02,-0.01,-0.02,0.02
64189,-22.286899,-42.542256,8,883.90,2025/5/15,12:7:11,-0.28,927.75,0.64,0.04,9.11,-0.00,-0.01,0.03
64389,-22.286902,-42.542259,8,883.90,2025/5/15,12:7:12,-0.29,927.75,0.61,0.07,9.01,-0.01,-0.02,0.02
64589,-22.286902,-42.542259,7,883.40,2025/5/15,12:7:12,-0.31,927.75,0.54,0.01,9.04,-0.00,-0.02,0.02
64789,-22.286902,-42.542259,7,883.40,2025/5/15,12:7:12,-0.07,927.73,0.56,0.00,9.01,-0.01,-0.02,0.03
64989,-22.286902,-42.542259,7,883.40,2025/5/15,12:7:12,0.05,927.71,0.55,-0.02,9.06,-0.01,-0.02,0.02
65189,-22.286902,-42.542259,7,883.40,2025/5/15,12:7:12,-0.14,927.74,0.59,0.03,9.09,-0.01,-0.02,0.03
65389,-22.286898,-42.542258,7,883.40,2025/5/15,12:7:13,-0.16,927.74,0.57,0.07,9.08,-0.01,-0.02,0.03
65589,-22.286898,-42.542258,7,883.50,2025/5/15,12:7:13,0.01,927.72,0.59,0.02,9.05,-0.01,-0.02,0.02
65789,-22.286898,-42.542258,7,883.50,2025/5/15,12:7:13,0.04,927.72,0.59,0.05,9.00,-0.00,-0.01,0.03
65989,-22.286898,-42.542258,7,883.50,2025/5/15,12:7:13,0.01,927.72,0.55,0.06,9.04,-0.01,-0.02,0.03
66190,-22.286898,-42.542258,7,883.50,2025/5/15,12:7:13,-0.23,927.75,0.57,0.02,8.97,-0.01,-0.02,0.03
66390,-22.286890,-42.542250,7,883.50,2025/5/15,12:7:14,-0.40,927.76,0.55,0.03,9.09,-0.00,-0.01,0.03
66590,-22.286890,-42.542250,7,884.60,2025/5/15,12:7:14,-0.36,927.76,0.60,0.06,8.99,-0.00,-0.02,0.02
66790,-22.286890,-42.542250,7,884.60,2025/5/15,12:7:14,-0.05,927.73,0.57,0.04,9.01,-0.00,-0.02,0.02
66990,-22.286890,-42.542250,7,884.60,2025/5/15,12:7:14,-0.12,927.73,0.62,0.01,9.03,-0.01,-0.02,0.02
67190,-22.286890,-42.542250,7,884.60,2025/5/15,12:7:14,-0.19,927.74,0.54,0.02,9.01,-0.01,-0.01,0.02
67390,-22.286885,-42.542246,7,884.60,2025/5/15,12:7:15,-0.01,927.72,0.53,0.05,9.05,-0.01,-0.02,0.02
67590,-22.286885,-42.542246,8,885.00,2025/5/15,12:7:15,-0.10,927.73,0.53,0.03,8.96,-0.01,-0.01,0.02
67790,-22.286885,-42.542246,8,885.00,2025/5/15,12:7:15,-0.24,927.74,0.60,0.03,9.04,-0.00,-0.02,0.03
67990,-22.286885,-42.542246,8,885.00,2025/5/15,12:7:15,-0.37,927.76,0.58,0.02,8.96,-0.00,-0.02,0.03
68191,-22.286885,-42.542246,8,885.00,2025/5/15,12:7:15,-0.15,927.74,0.54,0.00,9.01,-0.01,-0.02,0.03
68391,-22.286885,-42.542247,8,885.00,2025/5/15,12:7:16,-0.27,927.75,0.56,0.01,9.03,-0.01,-0.02,0.02
68591,-22.286885,-42.542247,8,885.80,2025/5/15,12:7:16,-0.42,927.77,0.60,0.06,9.06,-0.00,-0.02,0.03
68791,-22.286885,-42.542247,8,885.80,2025/5/15,12:7:16,-0.27,927.75,0.58,0.04,8.96,-0.00,-0.02,0.02
68991,-22.286885,-42.542247,8,885.80,2025/5/15,12:7:16,-0.26,927.75,0.51,0.03,9.05,-0.00,-0.02,0.02
69191,-22.286885,-42.542247,8,885.80,2025/5/15,12:7:16,-0.09,927.73,0.60,0.04,9.06,-0.00,-0.02,0.02
69391,-22.286884,-42.542245,8,885.80,2025/5/15,12:7:17,-0.16,927.74,0.58,-0.05,9.08,-0.01,-0.02,0.03
69591,-22.286884,-42.542245,7,886.60,2025/5/15,12:7:17,-0.07,927.73,0.54,0.01,9.00,-0.01,-0.02,0.03
69791,-22.286884,-42.542245,7,886.60,2025/5/15,12:7:17,-0.10,927.73,0.52,0.06,9.00,-0.00,-0.02,0.02
69991,-22.286884,-42.542245,7,886.60,2025/5/15,12:7:17,0.00,927.72,0.59,0.07,8.98,-0.01,-0.02,0.03
70192,-22.286884,-42.542245,7,886.60,2025/5/15,12:7:17,-0.31,927.75,0.62,-0.02,8.98,-0.01,-0.02,0.03
70392,-22.286886,-42.542248,7,886.60,2025/5/15,12:7:18,-0.33,927.76,0.56,0.08,8.98,-0.01,-0.02,0.02
70592,-22.286886,-42.542248,7,886.30,2025/5/15,12:7:18,-0.30,927.75,0.57,0.02,8.96,-0.01,-0.02,0.03
70792,-22.286886,-42.542248,7,886.30,2025/5/15,12:7:18,-0.34,927.76,0.57,0.05,9.12,-0.01,-0.02,0.02
70992,-22.286886,-42.542248,7,886.30,2025/5/15,12:7:18,-0.36,927.76,0.57,0.09,8.92,-0.00,-0.02,0.03
71192,-22.286886,-42.542248,7,886.30,2025/5/15,12:7:18,-0.27,927.75,0.58,0.03,9.05,-0.01,-0.02,0.03
71392,-22.286887,-42.542250,7,886.30,2025/5/15,12:7:19,-0.52,927.78,0.54,-0.01,8.97,-0.01,-0.02,0.02
71592,-22.286887,-42.542250,7,886.20,2025/5/15,12:7:19,-0.09,927.73,0.59,0.04,9.10,-0.01,-0.02,0.03
71792,-22.286887,-42.542250,7,886.20,2025/5/15,12:7:19,-0.15,927.74,0.58,-0.01,9.03,-0.01,-0.02,0.02
71992,-22.286887,-42.542250,7,886.20,2025/5/15,12:7:19,-0.42,927.77,0.56,0.02,9.04,-0.01,-0.02,0.02
72193,-22.286887,-42.542250,7,886.20,2025/5/15,12:7:19,-0.07,927.73,0.55,0.02,9.01,-0.00,-0.02,0.03
72393,-22.286884,-42.542246,7,886.20,2025/5/15,12:7:20,-0.34,927.76,0.58,0.05,9.03,-0.01,-0.02,0.03
72593,-22.286884,-42.542246,7,887.00,2025/5/15,12:7:20,-0.46,927.77,0.59,-0.01,9.08,-0.01,-0.02,0.03
72793,-22.286884,-42.542246,7,887.00,2025/5/15,12:7:20,-0.42,927.77,0.59,0.02,9.04,-0.01,-0.02,0.02
72993,-22.286884,-42.542246,7,887.00,2025/5/15,12:7:20,-0.36,927.76,0.59,0.07,9.00,-0.01,-0.02,0.02
73193,-22.286884,-42.542246,7,887.00,2025/5/15,12:7:20,-0.37,927.76,0.59,0.04,8.97,-0.01,-0.02,0.03
73393,-22.286885,-42.542248,7,887.00,2025/5/15,12:7:21,-0.36,927.77,0.60,0.01,9.00,-0.00,-0.02,0.02
73593,-22.286885,-42.542248,7,886.80,2025/5/15,12:7:21,-0.24,927.75,0.54,0.07,9.04,-0.00,-0.02,0.02
73793,-22.286885,-42.542248,7,886.80,2025/5/15,12:7:21,-0.24,927.75,0.59,0.06,9.00,-0.01,-0.02,0.03
73993,-22.286885,-42.542248,7,886.80,2025/5/15,12:7:21,-0.46,927.77,0.61,0.06,9.00,-0.00,-0.02,0.03
74194,-22.286885,-42.542248,7,886.80,2025/5/15,12:7:21,-0.18,927.74,0.57,0.03,8.98,-0.01,-0.02,0.02
74394,-22.286887,-42.542251,7,886.80,2025/5/15,12:7:22,-0.28,927.75,0.61,0.06,9.08,-0.00,-0.01,0.03
74594,-22.286887,-42.542251,7,886.30,2025/5/15,12:7:22,-0.51,927.78,0.57,0.02,9.04,-0.01,-0.02,0.03
74794,-22.286887,-42.542251,7,886.30,2025/5/15,12:7:22,-0.30,927.75,0.57,0.05,9.03,-0.01,-0.02,0.02
74994,-22.286887,-42.542251,7,886.30,2025/5/15,12:7:22,-0.67,927.79,0.56,-0.02,9.07,-0.01,-0.02,0.03
75194,-22.286887,-42.542251,7,886.30,2025/5/15,12:7:22,-0.51,927.78,0.60,0.01,8.98,-0.01,-0.02,0.02
75394,-22.286886,-42.542251,7,886.30,2025/5/15,12:7:23,-0.40,927.76,0.62,0.04,9.05,-0.00,-0.02,0.02
75594,-22.286886,-42.542251,7,886.60,2025/5/15,12:7:23,-0.18,927.74,0.57,-0.02,9.03,-0.01,-0.02,0.03
75794,-22.286886,-42.542251,7,886.60,2025/5/15,12:7:23,0.09,927.71,2.86,0.43,9.27,0.03,-0.00,0.77
75994,-22.286886,-42.542251,7,886.60,2025/5/15,12:7:23,-0.12,927.73,0.61,0.06,9.07,-0.01,-0.01,0.02
76195,-22.286886,-42.542251,7,886.60,2025/5/15,12:7:23,-0.19,927.74,0.55,0.11,9.02,-0.01,-0.02,0.02
76395,-22.286885,-42.542252,7,886.60,2025/5/15,12:7:24,-0.12,927.73,0.59,0.05,9.00,-0.00,-0.02,0.02
76595,-22.286885,-42.542252,7,887.00,2025/5/15,12:7:24,-0.28,927.75,0.55,0.09,9.01,-0.01,-0.02,0.03
76795,-22.286885,-42.542252,7,887.00,2025/5/15,12:7:24,-0.16,927.74,0.55,0.09,8.99,0.00,-0.02,0.03
76995,-22.286885,-42.542252,7,887.00,2025/5/15,12:7:24,0.21,927.70,-0.95,0.45,10.20,0.05,-0.32,0.14
77195,-22.286885,-42.542252,7,887.00,2025/5/15,12:7:24,-0.10,927.73,-0.00,1.97,11.08,0.39,1.01,-0.09
77395,-22.286883,-42.542251,7,887.00,2025/5/15,12:7:25,0.03,927.72,-0.02,0.56,7.46,0.67,2.16,-0.10
77595,-22.286883,-42.542251,7,887.00,2025/5/15,12:7:25,-0.06,927.73,-2.04,0.89,8.22,-1.86,0.29,0.64
77795,-22.286883,-42.542251,7,887.00,2025/5/15,12:7:25,0.18,927.70,-3.47,0.50,8.34,-2.16,2.85,-0.53
77995,-22.286883,-42.542251,7,887.00,2025/5/15,12:7:25,0.17,927.70,-7.49,-1.98,3.66,-1.55,1.90,-0.29
78196,-22.286883,-42.542251,7,887.00,2025/5/15,12:7:25,0.26,927.69,-9.84,-2.21,1.24,-0.72,0.41,0.98
78396,-22.286886,-42.542261,7,887.00,2025/5/15,12:7:26,0.21,927.70,-8.91,-0.82,0.68,-0.02,-0.27,0.29
78596,-22.286886,-42.542261,7,886.70,2025/5/15,12:7:26,0.38,927.68,-8.60,0.39,2.02,0.04,-0.13,0.07
78796,-22.286886,-42.542261,7,886.70,2025/5/15,12:7:26,0.11,927.71,-8.78,0.39,3.32,-0.36,0.73,-0.08
78996,-22.286886,-42.542261,7,886.70,2025/5/15,12:7:26,0.26,927.69,-8.51,-0.31,-2.33,0.56,0.30,0.56
79196,-22.286886,-42.542261,7,886.70,2025/5/15,12:7:26,0.26,927.69,-9.98,-0.48,-1.72,0.26,-0.04,-0.01
79396,-22.286883,-42.542263,7,886.70,2025/5/15,12:7:27,0.11,927.71,-9.09,0.24,-0.34,0.07,-0.07,-0.04
79596,-22.286883,-42.542263,8,886.60,2025/5/15,12:7:27,0.09,927.71,-9.10,0.42,-0.13,-0.12,-0.16,0.12
79796,-22.286883,-42.542263,8,886.60,2025/5/15,12:7:27,0.29,927.69,-9.29,0.59,-0.06,-0.07,-0.05,0.09
79996,-22.286883,-42.542263,8,886.60,2025/5/15,12:7:27,0.15,927.70,-9.47,0.43,-0.17,-0.01,-0.02,0.06
80197,-22.286883,-42.542263,8,886.60,2025/5/15,12:7:27,-0.01,927.72,-9.14,0.79,0.28,0.09,-0.04,0.04
80397,-22.286881,-42.542263,8,886.60,2025/5/15,12:7:28,0.21,927.70,-9.28,0.28,-0.38,-0.02,0.11,-0.02
80597,-22.286881,-42.542263,8,886.00,2025/5/15,12:7:28,0.09,927.71,-9.22,0.53,0.23,-0.10,-0.09,0.00
80797,-22.286881,-42.542263,8,886.00,2025/5/15,12:7:28,0.27,927.69,-9.33,0.66,-0.10,0.07,-0.04,0.02
80997,-22.286881,-42.542263,8,886.00,2025/5/15,12:7:28,0.02,927.72,-9.00,0.57,-0.47,0.05,-0.01,0.11
81197,-22.286881,-42.542263,8,886.00,2025/5/15,12:7:28,0.18,927.70,-9.16,0.48,-0.09,-0.11,-0.04,-0.02
81397,-22.286883,-42.542264,8,886.00,2025/5/15,12:7:29,0.17,927.70,-9.30,0.56,0.22,-0.14,-0.08,0.11
81597,-22.286883,-42.542264,8,884.90,2025/5/15,12:7:29,-0.13,927.73,-8.69,0.45,-0.07,0.09,-0.03,0.02
81797,-22.286883,-42.542264,8,884.90,2025/5/15,12:7:29,0.35,927.68,-9.13,0.14,-0.57,-0.01,0.11,0.09
81997,-22.286883,-42.542264,8,884.90,2025/5/15,12:7:29,0.08,927.69,-9.23,0.32,0.03,-0.06,-0.23,0.08
82198,-22.286883,-42.542264,8,884.90,2025/5/15,12:7:29,0.23,927.70,-8.65,0.52,1.30,0.56,-2.49,-0.27
82398,-22.286882,-42.542264,8,884.90,2025/5/15,12:7:30,0.06,927.71,-3.86,2.89,8.51,0.84,-4.37,1.58
82598,-22.286882,-42.542264,8,884.00,2025/5/15,12:7:30,0.21,927.70,2.86,4.06,8.40,0.24,-1.53,-0.31
82798,-22.286882,-42.542264,8,884.00,2025/5/15,12:7:30,0.03,927.72,3.03,6.02,5.54,2.65,-0.32,-0.80
82998,-22.286882,-42.542264,8,884.00,2025/5/15,12:7:30,0.21,927.70,2.74,8.16,-0.98,1.78,-0.29,-0.24
83198,-22.286882,-42.542264,8,884.00,2025/5/15,12:7:30,0.24,927.69,2.15,8.61,-2.35,-0.88,2.82,-0.84
83398,-22.286883,-42.542267,8,884.00,2025/5/15,12:7:31,0.14,927.71,0.06,8.10,4.83,-4.23,-0.11,-0.12
83598,-22.286883,-42.542267,8,882.70,2025/5/15,12:7:31,0.16,927.70,1.84,3.68,5.31,-2.74,-0.51,-0.29
83798,-22.286883,-42.542267,8,882.70,2025/5/15,12:7:31,-0.08,927.73,4.25,2.15,7.68,-0.89,-1.01,-0.19
83998,-22.286883,-42.542267,8,882.70,2025/5/15,12:7:31,-0.12,927.73,3.73,-3.66,9.94,-0.53,-2.47,-0.47
84199,-22.286883,-42.542267,8,882.70,2025/5/15,12:7:31,-0.11,927.73,6.72,1.20,8.18,-0.38,0.79,-1.49
84399,-22.286884,-42.542268,8,882.60,2025/5/15,12:7:32,-0.08,927.73,2.53,1.15,6.63,0.06,-0.23,-0.36
84599,-22.286884,-42.542268,8,882.60,2025/5/15,12:7:32,-0.14,927.73,3.16,1.82,8.26,-0.29,0.36,0.15
84799,-22.286884,-42.542268,8,882.60,2025/5/15,12:7:32,-0.24,927.76,3.42,1.67,9.63,-0.06,0.12,-0.00
84999,-22.286884,-42.542268,8,882.60,2025/5/15,12:7:32,-0.26,927.75,1.94,0.13,8.63,-0.35,0.60,0.20
85199,-22.286884,-42.542268,8,882.60,2025/5/15,12:7:32,-0.53,927.78,-0.29,1.33,11.29,-0.36,0.26,-0.14
85399,-22.286885,-42.542267,8,883.00,2025/5/15,12:7:33,-0.09,927.73,0.29,0.39,9.73,-0.11,-0.06,-0.11
85599,-22.286885,-42.542267,8,883.00,2025/5/15,12:7:33,-0.15,927.74,1.02,0.45,8.80,-0.07,-0.07,0.01
85799,-22.286885,-42.542267,8,883.00,2025/5/15,12:7:33,-0.20,927.74,-0.14,0.72,9.03,-0.02,-0.06,-0.01
85999,-22.286885,-42.542267,8,883.00,2025/5/15,12:7:33,0.22,927.70,0.67,0.50,9.20,-0.00,-0.06,0.04
86200,-22.286885,-42.542267,8,883.00,2025/5/15,12:7:33,-0.12,927.73,0.47,0.38,9.06,-0.01,-0.04,0.01
86400,-22.286889,-42.542268,8,883.00,2025/5/15,12:7:34,-0.20,927.74,0.54,0.32,8.93,-0.01,-0.02,0.01
86600,-22.286889,-42.542268,8,883.00,2025/5/15,12:7:34,-0.17,927.74,-0.13,0.34,9.75,0.04,-0.19,-0.01
86800,-22.286889,-42.542268,8,883.00,2025/5/15,12:7:34,-0.08,927.73,-0.07,0.34,9.69,-0.05,0.01,0.05
87000,-22.286889,-42.542268,8,883.00,2025/5/15,12:7:34,-0.23,927.75,0.96,0.34,8.51,0.00,-0.09,0.02
87200,-22.286889,-42.542268,8,883.00,2025/5/15,12:7:34,-0.38,927.76,0.61,0.38,8.96,-0.01,-0.02,0.02
87400,-22.286891,-42.542267,8,882.70,2025/5/15,12:7:35,-0.30,927.75,0.32,0.16,9.12,-0.01,0.02,0.02
87600,-22.286891,-42.542267,8,882.70,2025/5/15,12:7:35,-0.26,927.74,1.07,0.38,9.00,0.04,-0.32,0.17
87800,-22.286891,-42.542267,8,882.70,2025/5/15,12:7:35,-0.24,927.75,1.35,-0.25,8.70,-0.02,0.03,-0.28
88000,-22.286891,-42.542267,8,882.70,2025/5/15,12:7:35,-0.12,927.73,1.17,0.14,8.86,-0.30,0.55,-0.29
88201,-22.286891,-42.542267,8,882.70,2025/5/15,12:7:35,-0.26,927.75,1.39,0.29,8.97,0.01,-0.53,0.21
88401,-22.286890,-42.542263,8,883.20,2025/5/15,12:7:36,-0.32,927.76,0.81,0.03,8.10,-0.00,0.33,0.05
88601,-22.286890,-42.542263,8,883.20,2025/5/15,12:7:36,-0.15,927.74,1.05,-0.00,9.04,-0.01,-0.07,0.03
88801,-22.286890,-42.542263,8,883.20,2025/5/15,12:7:36,-0.16,927.74,1.10,0.01,8.86,-0.01,-0.03,0.02
89001,-22.286890,-42.542263,8,883.20,2025/5/15,12:7:36,-0.07,927.73,1.01,-0.05,8.91,-0.01,-0.01,0.02
89201,-22.286890,-42.542263,8,883.20,2025/5/15,12:7:36,-0.26,927.75,1.13,0.00,8.92,-0.00,-0.01,0.03
89401,-22.286892,-42.542264,8,883.30,2025/5/15,12:7:37,-0.31,927.75,1.06,0.01,9.01,-0.01,-0.01,0.03
89601,-22.286892,-42.542264,8,883.30,2025/5/15,12:7:37,0.05,927.71,1.10,0.02,9.00,-0.01,-0.01,0.03
89801,-22.286892,-42.542264,8,883.30,2025/5/15,12:7:37,-0.52,927.78,1.08,-0.01,9.07,-0.01,-0.02,0.03
90001,-22.286892,-42.542264,8,883.30,2025/5/15,12:7:37,-0.56,927.78,1.11,0.02,9.01,-0.01,-0.01,0.02
90202,-22.286892,-42.542264,8,883.30,2025/5/15,12:7:37,-0.56,927.78,1.07,-0.03,8.96,-0.01,-0.01,0.02
90402,-22.286890,-42.542261,8,883.10,2025/5/15,12:7:38,-0.45,927.77,1.04,-0.03,9.11,-0.00,-0.02,0.02
90602,-22.286890,-42.542261,8,883.10,2025/5/15,12:7:38,-0.53,927.78,1.13,-0.01,9.02,-0.01,-0.02,0.03
90802,-22.286890,-42.542261,8,883.10,2025/5/15,12:7:38,-0.38,927.76,1.07,-0.02,8.93,-0.01,-0.02,0.03
91002,-22.286890,-42.542261,8,883.10,2025/5/15,12:7:38,-0.34,927.76,1.05,-0.09,9.07,-0.01,-0.02,0.02
91202,-22.286890,-42.542261,8,883.10,2025/5/15,12:7:38,-0.38,927.76,1.08,0.02,8.98,-0.01,-0.01,0.02
91402,-22.286882,-42.542263,8,883.50,2025/5/15,12:7:39,-0.47,927.77,1.05,-0.03,9.03,-0.00,-0.02,0.02
91602,-22.286882,-42.542263,8,883.50,2025/5/15,12:7:39,-0.04,927.72,1.07,-0.09,9.03,-0.00,-0.01,0.02
91802,-22.286882,-42.542263,8,883.50,2025/5/15,12:7:39,-0.37,927.76,1.04,-0.02,9.01,-0.01,-0.01,0.02
92002,-22.286882,-42.542263,8,883.50,2025/5/15,12:7:39,-0.49,927.77,1.07,-0.02,8.94,-0.00,-0.02,0.02
92203,-22.286882,-42.542263,8,883.50,2025/5/15,12:7:39,-0.32,927.76,1.06,-0.02,8.96,-0.01,-0.02,0.02
92403,-22.286875,-42.542264,8,883.30,2025/5/15,12:7:40,-0.56,927.78,0.96,-0.01,9.06,-0.00,-0.02,0.03
92603,-22.286875,-42.542264,8,883.30,2025/5/15,12:7:40,-0.20,927.74,1.04,-0.02,8.95,-0.01,-0.02,0.03
92803,-22.286875,-42.542264,8,883.30,2025/5/15,12:7:40,-0.29,927.75,1.09,0.00,9.05,-0.01,-0.02,0.02
93003,-22.286875,-42.542264,8,883.30,2025/5/15,12:7:40,-0.29,927.75,1.03,0.00,8.91,-0.01,-0.02,0.02
93203,-22.286875,-42.542264,8,883.30,2025/5/15,12:7:40,-0.16,927.74,1.05,0.02,9.06,-0.01,-0.02,0.03
93403,-22.286869,-42.542268,7,882.80,2025/5/15,12:7:41,-0.38,927.76,1.02,0.02,8.94,-0.01,-0.02,0.03
93603,-22.286869,-42.542268,7,882.80,2025/5/15,12:7:41,-0.46,927.77,1.07,0.03,9.00,-0.00,-0.02,0.03
93803,-22.286869,-42.542268,7,882.80,2025/5/15,12:7:41,-0.38,927.76,1.12,0.02,9.10,-0.01,-0.02,0.03
94003,-22.286869,-42.542268,7,882.80,2025/5/15,12:7:41,-0.47,927.77,1.17,-0.03,8.86,-0.01,-0.03,0.03
94204,-22.286869,-42.542268,7,882.80,2025/5/15,12:7:41,-0.25,927.75,1.09,0.00,9.03,-0.01,-0.02,0.03
94404,-22.286866,-42.542267,6,883.00,2025/5/15,12:7:42,-0.32,927.76,1.09,0.04,9.04,-0.01,-0.02,0.02
94604,-22.286866,-42.542267,6,883.00,2025/5/15,12:7:42,-0.44,927.77,1.07,-0.00,9.00,-0.01,-0.01,0.03
94804,-22.286866,-42.542267,6,883.00,2025/5/15,12:7:42,-0.31,927.75,1.07,-0.01,9.04,-0.00,-0.02,0.03
95004,-22.286866,-42.542267,6,883.00,2025/5/15,12:7:42,-0.26,927.75,1.02,0.00,8.91,-0.00,-0.01,0.03
95204,-22.286866,-42.542267,6,883.00,2025/5/15,12:7:42,-0.26,927.75,0.98,0.00,9.07,-0.01,-0.02,0.02
95404,-22.286864,-42.542272,6,882.10,2025/5/15,12:7:43,-0.41,927.77,1.04,-0.03,8.89,-0.00,-0.02,0.02
95604,-22.286864,-42.542272,6,882.10,2025/5/15,12:7:43,-0.22,927.74,1.07,0.04,8.90,-0.00,-0.01,0.02
95804,-22.286864,-42.542272,6,882.10,2025/5/15,12:7:43,-0.45,927.77,1.09,-0.01,9.12,-0.01,-0.02,0.03
96004,-22.286864,-42.542272,6,882.10,2025/5/15,12:7:43,-0.46,927.77,1.04,-0.04,9.06,-0.01,-0.02,0.02
96205,-22.286864,-42.542272,6,882.10,2025/5/15,12:7:43,-0.52,927.78,1.04,0.04,8.97,-0.01,-0.02,0.03
96405,-22.286860,-42.542276,7,881.10,2025/5/15,12:7:44,-0.22,927.74,0.99,-0.04,9.04,0.00,0.02,0.02
96605,-22.286860,-42.542276,7,881.10,2025/5/15,12:7:44,-0.29,927.75,0.95,0.01,8.99,-0.01,-0.02,0.02
96805,-22.286860,-42.542276,7,881.10,2025/5/15,12:7:44,-0.31,927.75,1.05,0.03,8.95,-0.01,-0.03,0.03
97005,-22.286860,-42.542276,7,881.10,2025/5/15,12:7:44,-0.26,927.75,1.02,-0.06,8.98,-0.00,-0.01,0.03
97205,-22.286860,-42.542276,7,881.10,2025/5/15,12:7:44,-0.38,927.76,0.97,-0.03,8.99,-0.01,-0.03,0.03
97405,-22.286852,-42.542279,7,880.80,2025/5/15,12:7:45,-0.25,927.75,1.02,0.03,8.98,-0.00,-0.01,0.02
97605,-22.286852,-42.542279,7,880.80,2025/5/15,12:7:45,-0.43,927.77,1.02,0.06,8.96,-0.01,-0.01,0.02
97805,-22.286852,-42.542279,7,880.80,2025/5/15,12:7:45,-0.17,927.74,1.04,0.04,8.95,-0.01,-0.01,0.03
98005,-22.286852,-42.542279,7,880.80,2025/5/15,12:7:45,-0.34,927.76,1.03,-0.05,9.04,-0.01,-0.02,0.02
98206,-22.286852,-42.542279,7,880.80,2025/5/15,12:7:45,-0.34,927.76,1.06,0.01,9.02,-0.01,-0.03,0.03
98406,-22.286840,-42.542282,7,880.80,2025/5/15,12:7:46,-0.32,927.76,1.08,0.02,8.99,-0.00,-0.01,0.03
98606,-22.286840,-42.542282,7,880.90,2025/5/15,12:7:46,-0.07,927.73,1.13,0.10,9.01,-0.00,-0.01,0.02
98806,-22.286840,-42.542282,7,880.90,2025/5/15,12:7:46,-0.16,927.74,1.08,0.04,8.97,-0.00,-0.03,0.02
99006,-22.286840,-42.542282,7,880.90,2025/5/15,12:7:46,-0.31,927.75,1.04,0.00,9.00,-0.01,-0.02,0.03
99206,-22.286840,-42.542282,7,880.90,2025/5/15,12:7:46,-0.26,927.75,1.02,-0.06,8.98,0.00,0.00,0.02
99406,-22.286834,-42.542280,8,881.20,2025/5/15,12:7:47,-0.62,927.79,1.08,-0.11,9.05,-0.00,-0.03,0.02
99606,-22.286834,-42.542280,8,881.20,2025/5/15,12:7:47,-0.41,927.77,1.04,-0.01,8.98,-0.00,-0.02,0.02
99806,-22.286834,-42.542280,8,881.20,2025/5/15,12:7:47,-0.35,927.76,1.01,-0.04,9.05,-0.01,-0.02,0.03
100006,-22.286834,-42.542280,8,881.20,2025/5/15,12:7:47,-0.46,927.77,1.03,0.03,9.03,-0.01,-0.02,0.02
100207,-22.286834,-42.542280,8,881.20,2025/5/15,12:7:47,-0.19,927.74,1.15,-0.04,8.74,-0.01,-0.02,0.02
100407,-22.286829,-42.542280,8,881.00,2025/5/15,12:7:48,-0.41,927.77,1.01,0.00,9.01,-0.00,0.00,0.03
100607,-22.286829,-42.542280,8,881.00,2025/5/15,12:7:48,-0.40,927.76,0.94,-0.10,9.03,-0.01,-0.02,0.03
100807,-22.286829,-42.542280,8,881.00,2025/5/15,12:7:48,-0.29,927.75,1.09,0.05,8.89,-0.01,-0.01,0.02
101007,-22.286829,-42.542280,8,881.00,2025/5/15,12:7:48,-0.13,927.73,1.10,0.02,8.98,-0.00,-0.03,0.02
101207,-22.286829,-42.542280,8,881.00,2025/5/15,12:7:48,-0.16,927.74,1.02,0.03,9.00,-0.00,-0.02,0.03
101407,-22.286831,-42.542278,7,881.10,2025/5/15,12:7:49,-0.21,927.74,1.01,-0.00,8.92,-0.01,-0.01,0.03
101607,-22.286831,-42.542278,7,881.10,2025/5/15,12:7:49,-0.02,927.72,1.09,0.03,9.01,-0.01,-0.02,0.02
101807,-22.286831,-42.542278,7,881.10,2025/5/15,12:7:49,-0.31,927.75,1.06,0.01,8.90,-0.01,-0.02,0.02
102007,-22.286831,-42.542278,7,881.10,2025/5/15,12:7:49,-0.28,927.75,1.11,0.07,8.85,-0.01,-0.02,0.03
102208,-22.286831,-42.542278,7,881.10,2025/5/15,12:7:49,-0.11,927.73,1.05,-0.03,8.96,-0.01,-0.02,0.02
102408,-22.286839,-42.542278,7,880.50,2025/5/15,12:7:50,-0.14,927.74,1.11,0.03,9.07,-0.00,-0.01,0.03
102608,-22.286839,-42.542278,7,880.50,2025/5/15,12:7:50,-0.23,927.75,1.00,-0.05,8.94,-0.01,-0.02,0.02
102808,-22.286839,-42.542278,7,880.50,2025/5/15,12:7:50,-0.19,927.74,0.99,0.04,9.01,-0.00,-0.01,0.02
103008,-22.286839,-42.542278,7,880.50,2025/5/15,12:7:50,-0.02,927.72,1.06,-0.03,9.03,-0.01,-0.02,0.02
103208,-22.286839,-42.542278,7,880.50,2025/5/15,12:7:50,-0.38,927.76,1.09,-0.00,8.94,-0.01,-0.02,0.03
103408,-22.286838,-42.542278,7,880.50,2025/5/15,12:7:51,-0.40,927.76,1.11,-0.00,9.05,-0.01,-0.02,0.02
103608,-22.286838,-42.542278,7,880.50,2025/5/15,12:7:51,-0.47,927.77,1.02,-0.02,8.98,-0.01,-0.02,0.02
103808,-22.286838,-42.542278,7,880.50,2025/5/15,12:7:51,-0.47,927.77,1.09,-0.03,8.99,-0.00,-0.01,0.03
104008,-22.286838,-42.542278,7,880.50,2025/5/15,12:7:51,-0.53,927.78,1.04,-0.05,9.00,-0.01,-0.02,0.02
104209,-22.286838,-42.542278,7,880.50,2025/5/15,12:7:51,-0.53,927.78,1.04,0.03,9.01,-0.01,-0.01,0.02
104409,-22.286832,-42.542275,7,881.00,2025/5/15,12:7:52,-0.53,927.78,1.06,0.02,9.02,-0.00,-0.02,0.03
104609,-22.286832,-42.542275,7,881.00,2025/5/15,12:7:52,-0.28,927.75,1.01,0.01,8.91,-0.00,-0.02,0.02
104809,-22.286832,-42.542275,7,881.00,2025/5/15,12:7:52,-0.29,927.75,1.08,0.01,9.06,-0.01,-0.02,0.02
105009,-22.286832,-42.542275,7,881.00,2025/5/15,12:7:52,-0.29,927.75,1.03,-0.01,8.94,-0.01,-0.01,0.02
105209,-22.286832,-42.542275,7,881.00,2025/5/15,12:7:52,-0.40,927.76,1.03,0.06,9.00,-0.01,-0.01,0.03
105409,-22.286831,-42.542273,7,881.00,2025/5/15,12:7:53,-0.47,927.77,1.07,-0.08,9.11,-0.01,-0.02,0.02
105609,-22.286831,-42.542273,7,881.00,2025/5/15,12:7:53,-0.35,927.76,1.02,0.02,9.02,-0.00,-0.02,0.03
105809,-22.286831,-42.542273,7,881.00,2025/5/15,12:7:53,-0.67,927.79,1.03,-0.05,9.02,-0.01,-0.02,0.02
106009,-22.286831,-42.542273,7,881.00,2025/5/15,12:7:53,-0.43,927.77,0.99,-0.02,9.12,-0.00,-0.02,0.02
106210,-22.286831,-42.542273,7,881.00,2025/5/15,12:7:53,-0.26,927.75,1.05,0.02,9.11,-0.00,-0.01,0.02
106410,-22.286831,-42.542273,7,880.70,2025/5/15,12:7:54,-0.26,927.75,1.02,-0.00,8.98,-0.01,-0.03,0.02
106610,-22.286831,-42.542273,7,880.70,2025/5/15,12:7:54,-0.47,927.77,1.01,0.05,9.02,-0.00,-0.02,0.03
106810,-22.286831,-42.542273,7,880.70,2025/5/15,12:7:54,-0.50,927.78,0.98,-0.00,9.22,-0.01,-0.01,0.03
107010,-22.286831,-42.542273,7,880.70,2025/5/15,12:7:54,-0.22,927.74,1.05,-0.00,8.98,-0.01,-0.02,0.03
107210,-22.286831,-42.542273,7,880.70,2025/5/15,12:7:54,-0.46,927.77,1.03,0.01,9.02,-0.01,-0.02,0.03
107410,-22.286829,-42.542274,7,880.30,2025/5/15,12:7:55,-0.40,927.76,1.10,-0.03,9.02,-0.01,-0.02,0.02
107610,-22.286829,-42.542274,7,880.30,2025/5/15,12:7:55,-0.21,927.74,1.01,-0.06,9.05,-0.01,-0.02,0.03
107810,-22.286829,-42.542274,7,880.30,2025/5/15,12:7:55,-0.32,927.76,1.08,-0.05,9.01,-0.00,-0.01,0.02
108010,-22.286829,-42.542274,7,880.30,2025/5/15,12:7:55,-0.34,927.76,1.05,0.01,9.03,-0.01,-0.01,0.03
108211,-22.286829,-42.542274,7,880.30,2025/5/15,12:7:55,-0.46,927.77,1.05,0.06,9.05,-0.01,-0.02,0.03
108411,-22.286826,-42.542273,7,880.50,2025/5/15,12:7:56,-0.38,927.76,1.07,0.06,8.94,-0.01,-0.02,0.02
108611,-22.286826,-42.542273,7,880.50,2025/5/15,12:7:56,-0.10,927.73,1.07,-0.00,9.00,-0.01,-0.02,0.03
108811,-22.286826,-42.542273,7,880.50,2025/5/15,12:7:56,-0.29,927.75,1.05,-0.06,9.02,-0.00,-0.02,0.02
109011,-22.286826,-42.542273,7,880.50,2025/5/15,12:7:56,-0.32,927.76,1.02,0.03,9.08,-0.01,-0.02,0.03
109211,-22.286826,-42.542273,7,880.50,2025/5/15,12:7:56,-0.25,927.75,1.07,-0.03,8.99,-0.00,-0.02,0.03
109411,-22.286823,-42.542275,6,880.00,2025/5/15,12:7:57,-0.02,927.72,1.07,0.05,8.99,-0.00,-0.03,0.02
109611,-22.286823,-42.542275,6,880.00,2025/5/15,12:7:57,-0.17,927.74,1.08,-0.01,9.04,-0.01,-0.02,0.03
109811,-22.286823,-42.542275,6,880.00,2025/5/15,12:7:57,-0.04,927.72,1.03,0.01,9.01,-0.01,-0.02,0.03
110011,-22.286823,-42.542275,6,880.00,2025/5/15,12:7:57,-0.47,927.77,1.05,0.01,9.01,-0.01,-0.02,0.02
110212,-22.286823,-42.542275,6,880.00,2025/5/15,12:7:57,-0.16,927.74,1.04,0.03,8.98,-0.00,-0.02,0.02
110412,-22.286820,-42.542277,6,879.70,2025/5/15,12:7:58,-0.47,927.77,1.03,0.01,8.97,-0.01,-0.02,0.02
110612,-22.286820,-42.542277,6,879.70,2025/5/15,12:7:58,-0.47,927.77,1.04,-0.01,8.99,-0.01,-0.02,0.03
110812,-22.286820,-42.542277,6,879.70,2025/5/15,12:7:58,-0.29,927.75,1.09,-0.00,9.11,-0.01,-0.02,0.02
111012,-22.286820,-42.542277,6,879.70,2025/5/15,12:7:58,-0.32,927.76,0.99,-0.00,9.05,-0.01,-0.02,0.02
111212,-22.286820,-42.542277,6,879.70,2025/5/15,12:7:58,-0.23,927.75,1.05,0.02,9.05,-0.00,-0.02,0.03
111412,-22.286820,-42.542277,7,879.60,2025/5/15,12:7:59,-0.60,927.79,1.09,-0.05,8.94,-0.00,-0.02,0.03
111612,-22.286820,-42.542277,7,879.60,2025/5/15,12:7:59,-0.37,927.76,1.02,0.01,9.00,-0.01,-0.02,0.03
111812,-22.286820,-42.542277,7,879.60,2025/5/15,12:7:59,-0.05,927.73,1.01,-0.02,9.03,-0.01,-0.02,0.02
112012,-22.286820,-42.542277,7,879.60,2025/5/15,12:7:59,-0.41,927.77,1.02,0.02,9.05,-0.01,-0.02,0.02
112213,-22.286820,-42.542277,7,879.60,2025/5/15,12:7:59,-0.44,927.77,1.09,0.01,8.95,-0.00,-0.02,0.03
112413,-22.286820,-42.542278,7,879.40,2025/5/15,12:8:0,-0.53,927.78,1.02,-0.05,9.01,-0.00,-0.02,0.02
112613,-22.286820,-42.542278,7,879.40,2025/5/15,12:8:0,-0.53,927.78,1.06,-0.03,8.95,-0.01,-0.02,0.02
112813,-22.286820,-42.542278,7,879.40,2025/5/15,12:8:0,-0.59,927.79,1.03,-0.01,9.01,-0.01,-0.02,0.02
113013,-22.286820,-42.542278,7,879.40,2025/5/15,12:8:0,-0.61,927.79,1.02,0.00,9.04,-0.00,-0.02,0.03
113213,-22.286820,-42.542278,7,879.40,2025/5/15,12:8:0,-0.50,927.78,1.05,-0.03,9.09,-0.00,-0.01,0.03
113413,-22.286820,-42.542279,7,879.00,2025/5/15,12:8:1,-0.47,927.79,1.04,-0.02,9.02,-0.01,-0.02,0.03
113613,-22.286820,-42.542279,7,879.00,2025/5/15,12:8:1,-0.43,927.77,1.05,-0.02,8.93,-0.01,-0.02,0.02
113813,-22.286820,-42.542279,7,879.00,2025/5/15,12:8:1,-0.67,927.79,0.99,-0.02,8.89,-0.01,-0.02,0.02
114013,-22.286820,-42.542279,7,879.00,2025/5/15,12:8:1,-0.28,927.75,1.05,-0.05,9.00,-0.01,-0.02,0.02
114214,-22.286820,-42.542279,7,879.00,2025/5/15,12:8:1,-0.62,927.79,1.06,-0.04,9.08,-0.01,-0.02,0.02
114414,-22.286817,-42.542281,8,878.80,2025/5/15,12:8:2,-0.67,927.79,1.07,-0.04,8.97,-0.01,-0.02,0.02
114614,-22.286817,-42.542281,8,878.80,2025/5/15,12:8:2,-0.43,927.77,1.06,0.05,9.06,-0.01,-0.02,0.03
114814,-22.286817,-42.542281,8,878.80,2025/5/15,12:8:2,-0.55,927.78,1.06,-0.04,8.91,-0.01,-0.02,0.03
115014,-22.286817,-42.542281,8,878.80,2025/5/15,12:8:2,-0.34,927.76,1.07,0.00,8.94,-0.01,-0.02,0.02
115214,-22.286817,-42.542281,8,878.80,2025/5/15,12:8:2,-0.08,927.73,1.06,-0.02,9.10,-0.01,-0.02,0.02
115414,-22.286814,-42.542277,8,879.10,2025/5/15,12:8:3,-0.34,927.76,0.99,0.03,8.92,-0.01,-0.02,0.03
115614,-22.286814,-42.542277,8,879.10,2025/5/15,12:8:3,-0.20,927.74,1.03,-0.07,8.93,-0.01,-0.02,0.03
115814,-22.286814,-42.542277,8,879.10,2025/5/15,12:8:3,-0.71,927.80,0.99,-0.02,8.99,-0.01,-0.02,0.03
116014,-22.286814,-42.542277,8,879.10,2025/5/15,12:8:3,-0.66,927.79,1.05,0.04,9.02,-0.01,-0.02,0.02
116215,-22.286814,-42.542277,8,879.10,2025/5/15,12:8:3,-0.54,927.78,1.06,-0.01,9.04,-0.01,-0.02,0.02
116415,-22.286815,-42.542279,7,878.50,2025/5/15,12:8:4,-0.40,927.76,1.09,0.04,9.01,-0.01,-0.02,0.02
116615,-22.286815,-42.542279,7,878.50,2025/5/15,12:8:4,-0.42,927.77,1.09,-0.03,9.02,-0.01,-0.02,0.03
116815,-22.286815,-42.542279,7,878.50,2025/5/15,12:8:4,-0.78,927.81,1.00,0.02,8.98,-0.00,-0.02,0.02
117015,-22.286815,-42.542279,7,878.50,2025/5/15,12:8:4,-0.42,927.77,1.03,-0.02,8.98,-0.01,-0.01,0.02
117215,-22.286815,-42.542279,7,878.50,2025/5/15,12:8:4,-0.43,927.77,1.04,-0.05,9.02,-0.01,-0.02,0.03
117415,-22.286817,-42.542280,7,878.20,2025/5/15,12:8:5,-0.15,927.74,1.01,-0.03,9.04,-0.01,-0.01,0.03
117615,-22.286817,-42.542280,7,878.20,2025/5/15,12:8:5,-0.34,927.76,1.07,-0.01,8.94,-0.01,-0.02,0.02
117815,-22.286817,-42.542280,7,878.20,2025/5/15,12:8:5,-0.66,927.79,1.02,0.03,8.93,-0.01,-0.02,0.02
118015,-22.286817,-42.542280,7,878.20,2025/5/15,12:8:5,-0.37,927.76,1.09,0.01,8.94,-0.01,-0.02,0.02
118216,-22.286817,-42.542280,7,878.20,2025/5/15,12:8:5,-0.43,927.77,1.08,-0.00,9.03,-0.01,-0.02,0.03
118416,-22.286817,-42.542282,7,878.00,2025/5/15,12:8:6,-0.64,927.79,1.04,0.02,8.98,-0.01,-0.01,0.02
118616,-22.286817,-42.542282,7,878.00,2025/5/15,12:8:6,-0.60,927.79,1.07,-0.01,9.03,-0.00,-0.02,0.02
118816,-22.286817,-42.542282,7,878.00,2025/5/15,12:8:6,-0.34,927.76,1.05,0.02,8.99,-0.01,-0.01,0.02
119016,-22.286817,-42.542282,7,878.00,2025/5/15,12:8:6,-0.34,927.76,1.04,0.02,8.97,-0.01,-0.02,0.03
119216,-22.286817,-42.542282,7,878.00,2025/5/15,12:8:6,-0.53,927.77,1.05,0.04,8.89,-0.01,-0.02,0.02
119416,-22.286813,-42.542284,7,877.90,2025/5/15,12:8:7,-0.31,927.75,1.00,0.04,9.01,-0.00,-0.02,0.02
119616,-22.286813,-42.542284,7,877.90,2025/5/15,12:8:7,-0.72,927.80,1.10,-0.03,9.01,-0.01,-0.02,0.02
119816,-22.286813,-42.542284,7,877.90,2025/5/15,12:8:7,-0.60,927.79,1.03,0.07,8.92,-0.00,-0.02,0.03
120016,-22.286813,-42.542284,7,877.90,2025/5/15,12:8:7,-0.38,927.76,1.05,-0.02,9.00,-0.01,-0.02,0.02
120217,-22.286813,-42.542284,7,877.90,2025/5/15,12:8:7,-0.16,927.74,1.09,-0.05,8.89,-0.00,-0.02,0.02
120417,-22.286819,-42.542282,7,877.70,2025/5/15,12:8:8,-0.40,927.76,1.08,-0.03,9.00,-0.00,-0.01,0.02
120617,-22.286819,-42.542282,7,877.70,2025/5/15,12:8:8,-0.37,927.76,1.10,0.10,8.93,-0.00,-0.02,0.03
120817,-22.286819,-42.542282,7,877.70,2025/5/15,12:8:8,-0.35,927.76,1.04,-0.02,9.08,-0.01,-0.02,0.03
121017,-22.286819,-42.542282,7,877.70,2025/5/15,12:8:8,-0.51,927.78,1.03,0.02,8.94,-0.00,-0.02,0.03
121217,-22.286819,-42.542282,7,877.70,2025/5/15,12:8:8,-0.30,927.75,1.10,0.01,8.98,-0.00,-0.01,0.03
121417,-22.286825,-42.542279,7,877.70,2025/5/15,12:8:9,-0.28,927.75,1.07,-0.01,9.06,-0.01,-0.02,0.02
121617,-22.286825,-42.542279,7,877.70,2025/5/15,12:8:9,-0.63,927.79,1.07,-0.00,9.01,-0.01,-0.02,0.02
121817,-22.286825,-42.542279,7,877.70,2025/5/15,12:8:9,-0.46,927.77,1.01,0.01,9.01,-0.00,-0.02,0.02
122017,-22.286825,-42.542279,7,877.70,2025/5/15,12:8:9,-0.37,927.76,1.03,0.00,9.03,-0.01,-0.01,0.02
122218,-22.286825,-42.542279,7,877.70,2025/5/15,12:8:9,-0.27,927.75,1.07,-0.03,9.00,-0.00,-0.02,0.03
122418,-22.286826,-42.542279,7,877.50,2025/5/15,12:8:10,-0.51,927.78,1.01,-0.02,9.02,-0.00,-0.02,0.03
122618,-22.286826,-42.542279,7,877.50,2025/5/15,12:8:10,-0.58,927.78,1.05,0.02,9.07,-0.00,-0.02,0.02
122818,-22.286826,-42.542279,7,877.50,2025/5/15,12:8:10,-0.58,927.78,1.02,-0.00,9.01,-0.00,-0.02,0.03
123018,-22.286826,-42.542279,7,877.50,2025/5/15,12:8:10,-0.43,927.77,1.06,0.04,9.04,-0.01,-0.01,0.02
123218,-22.286826,-42.542279,7,877.50,2025/5/15,12:8:10,-0.17,927.74,1.06,-0.03,9.05,-0.00,-0.01,0.02
123418,-22.286833,-42.542278,7,877.20,2025/5/15,12:8:11,-0.31,927.75,1.11,-0.01,9.06,-0.01,-0.02,0.02
123618,-22.286833,-42.542278,7,877.20,2025/5/15,12:8:11,-0.27,927.75,1.06,0.01,9.03,-0.01,-0.02,0.03
123818,-22.286833,-42.542278,7,877.20,2025/5/15,12:8:11,-0.40,927.76,1.04,0.00,9.08,-0.00,-0.02,0.02
124018,-22.286833,-42.542278,7,877.20,2025/5/15,12:8:11,-0.16,927.74,1.03,0.02,8.98,-0.01,-0.01,0.03
124219,-22.286833,-42.542278,7,877.20,2025/5/15,12:8:11,-0.36,927.76,1.04,0.00,9.10,-0.01,-0.02,0.03
124419,-22.286839,-42.542276,7,877.00,2025/5/15,12:8:12,-0.40,927.76,1.07,-0.05,9.00,-0.01,-0.02,0.02
124619,-22.286839,-42.542276,7,877.00,2025/5/15,12:8:12,-0.28,927.75,1.02,-0.06,8.97,-0.01,-0.02,0.03
124819,-22.286839,-42.542276,7,877.00,2025/5/15,12:8:12,-0.45,927.77,1.00,0.01,9.03,-0.01,-0.02,0.03
125019,-22.286839,-42.542276,7,877.00,2025/5/15,12:8:12,-0.24,927.75,1.12,0.08,8.98,-0.01,-0.01,0.03
125219,-22.286839,-42.542276,7,877.00,2025/5/15,12:8:12,-0.18,927.74,1.05,0.02,9.00,-0.00,-0.02,0.02
125419,-22.286842,-42.542281,7,876.30,2025/5/15,12:8:13,-0.10,927.73,1.02,-0.09,8.95,-0.01,-0.02,0.03
125619,-22.286842,-42.542281,7,876.30,2025/5/15,12:8:13,-0.54,927.78,1.04,-0.06,8.89,-0.01,-0.01,0.02
125819,-22.286842,-42.542281,7,876.30,2025/5/15,12:8:13,-0.34,927.76,0.96,-0.08,9.04,-0.01,-0.02,0.02
126019,-22.286842,-42.542281,7,876.30,2025/5/15,12:8:13,-0.43,927.77,1.11,0.00,8.98,-0.01,-0.02,0.02
126220,-22.286842,-42.542281,7,876.30,2025/5/15,12:8:13,-0.57,927.78,1.02,0.01,9.06,-0.00,-0.02,0.02
126420,-22.286844,-42.542282,7,875.70,2025/5/15,12:8:14,-0.39,927.76,1.02,0.01,8.98,-0.00,-0.03,0.03
126620,-22.286844,-42.542282,7,875.70,2025/5/15,12:8:14,-0.43,927.77,1.11,-0.01,9.00,-0.01,-0.01,0.02
126820,-22.286844,-42.542282,7,875.70,2025/5/15,12:8:14,-0.57,927.78,1.05,-0.04,9.03,-0.01,-0.02,0.03
127020,-22.286844,-42.542282,7,875.70,2025/5/15,12:8:14,-0.60,927.79,1.01,-0.07,8.96,-0.01,-0.02,0.03
127220,-22.286844,-42.542282,7,875.70,2025/5/15,12:8:14,-0.31,927.75,1.08,0.06,8.96,-0.01,-0.01,0.03
127420,-22.286835,-42.542287,7,875.50,2025/5/15,12:8:15,-0.59,927.78,1.01,0.02,8.86,-0.01,-0.01,0.03
127620,-22.286835,-42.542287,7,875.50,2025/5/15,12:8:15,-0.69,927.80,1.03,-0.03,8.98,-0.00,-0.02,0.02
127820,-22.286835,-42.542287,7,875.50,2025/5/15,12:8:15,-0.51,927.78,1.07,0.05,9.04,-0.00,-0.02,0.03
128020,-22.286835,-42.542287,7,875.50,2025/5/15,12:8:15,-0.33,927.76,0.98,-0.01,8.97,-0.01,-0.02,0.03
128221,-22.286835,-42.542287,7,875.50,2025/5/15,12:8:15,-0.12,927.73,1.05,0.01,8.97,-0.01,-0.02,0.02
128421,-22.286831,-42.542287,8,875.30,2025/5/15,12:8:16,-0.33,927.76,1.02,-0.04,8.97,-0.01,-0.02,0.03
128621,-22.286831,-42.542287,8,875.30,2025/5/15,12:8:16,-0.33,927.76,1.02,0.04,9.03,-0.01,-0.02,0.03
128821,-22.286831,-42.542287,8,875.30,2025/5/15,12:8:16,-0.45,927.77,0.99,-0.00,8.99,-0.01,-0.02,0.03
129021,-22.286831,-42.542287,8,875.30,2025/5/15,12:8:16,-0.46,927.77,1.00,-0.03,9.01,-0.01,-0.02,0.02
129221,-22.286831,-42.542287,8,875.30,2025/5/15,12:8:16,-0.52,927.78,0.99,-0.02,9.03,-0.00,-0.01,0.03
129421,-22.286831,-42.542289,8,875.20,2025/5/15,12:8:17,-0.40,927.76,1.03,-0.03,8.96,-0.01,-0.01,0.03
129621,-22.286831,-42.542289,8,875.20,2025/5/15,12:8:17,-0.40,927.76,1.01,0.04,8.96,-0.01,-0.01,0.02
129821,-22.286831,-42.542289,8,875.20,2025/5/15,12:8:17,-0.43,927.77,1.02,-0.00,8.96,-0.01,-0.02,0.03
130021,-22.286831,-42.542289,8,875.20,2025/5/15,12:8:17,-0.37,927.76,1.05,0.01,8.93,-0.00,-0.02,0.02
130222,-22.286831,-42.542289,8,875.20,2025/5/15,12:8:17,-0.34,927.76,1.06,-0.01,8.98,-0.00,-0.02,0.02
130422,-22.286829,-42.542290,8,874.90,2025/5/15,12:8:18,-0.43,927.77,1.05,0.04,8.99,-0.01,-0.02,0.02
130622,-22.286829,-42.542290,8,874.90,2025/5/15,12:8:18,-0.54,927.78,1.02,-0.01,9.03,-0.01,-0.01,0.02
130822,-22.286829,-42.542290,8,874.90,2025/5/15,12:8:18,-0.66,927.79,1.05,0.02,9.02,-0.00,-0.03,0.02
131022,-22.286829,-42.542290,8,874.90,2025/5/15,12:8:18,-0.39,927.76,1.00,0.07,8.96,-0.00,-0.02,0.03
131222,-22.286829,-42.542290,8,874.90,2025/5/15,12:8:18,-0.55,927.78,1.06,-0.13,8.86,-0.01,-0.02,0.02
131422,-22.286829,-42.542288,8,874.70,2025/5/15,12:8:19,-0.34,927.76,1.11,0.02,8.92,-0.01,-0.02,0.02
131622,-22.286829,-42.542288,8,874.70,2025/5/15,12:8:19,-0.24,927.75,1.02,-0.01,8.97,-0.01,-0.01,0.02
131822,-22.286829,-42.542288,8,874.70,2025/5/15,12:8:19,-0.50,927.77,1.07,0.03,8.86,-0.01,-0.01,0.02
132022,-22.286829,-42.542288,8,874.70,2025/5/15,12:8:19,-0.44,927.77,1.05,-0.01,8.97,-0.01,-0.01,0.03
132223,-22.286829,-42.542288,8,874.70,2025/5/15,12:8:19,-0.33,927.76,1.04,0.00,8.92,-0.00,-0.02,0.03
132423,-22.286825,-42.542288,8,874.70,2025/5/15,12:8:20,-0.42,927.77,1.06,0.00,9.02,-0.01,-0.02,0.03
132623,-22.286825,-42.542288,8,874.70,2025/5/15,12:8:20,-0.54,927.78,1.04,0.03,9.07,-0.01,-0.02,0.03
132823,-22.286825,-42.542288,8,874.70,2025/5/15,12:8:20,-0.62,927.79,1.01,0.03,8.96,-0.01,-0.02,0.02
133023,-22.286825,-42.542288,8,874.70,2025/5/15,12:8:20,-0.63,927.79,0.99,0.01,8.96,-0.01,-0.01,0.03
133223,-22.286825,-42.542288,8,874.70,2025/5/15,12:8:20,-0.63,927.79,1.07,0.00,8.95,-0.01,-0.02,0.03
133423,-22.286822,-42.542286,8,874.80,2025/5/15,12:8:21,-0.30,927.75,1.04,0.02,9.07,-0.01,-0.02,0.02
133623,-22.286822,-42.542286,8,874.80,2025/5/15,12:8:21,-0.46,927.77,1.04,0.03,9.02,-0.01,-0.01,0.02
133823,-22.286822,-42.542286,8,874.80,2025/5/15,12:8:21,-0.46,927.77,1.08,0.05,8.99,-0.01,-0.02,0.03
134023,-22.286822,-42.542286,8,874.80,2025/5/15,12:8:21,-0.29,927.75,1.07,-0.02,8.94,-0.00,-0.02,0.02
134224,-22.286822,-42.542286,8,874.80,2025/5/15,12:8:21,-0.30,927.75,1.23,0.05,8.97,-0.01,-0.00,0.03
134424,-22.286820,-42.542285,8,874.80,2025/5/15,12:8:22,-0.74,927.80,1.03,0.00,9.04,-0.01,-0.02,0.02
134624,-22.286820,-42.542285,8,874.80,2025/5/15,12:8:22,-0.51,927.78,1.05,-0.01,8.94,-0.01,-0.03,0.03
134824,-22.286820,-42.542285,8,874.80,2025/5/15,12:8:22,-0.45,927.77,0.94,0.02,8.96,-0.01,-0.02,0.02
135024,-22.286820,-42.542285,8,874.80,2025/5/15,12:8:22,-0.35,927.76,1.03,0.03,8.86,-0.01,-0.02,0.02
135224,-22.286820,-42.542285,8,874.80,2025/5/15,12:8:22,-0.39,927.76,0.92,0.02,8.99,-0.01,-0.01,0.02
135424,-22.286818,-42.542282,8,875.00,2025/5/15,12:8:23,-0.46,927.77,1.08,0.03,9.03,-0.01,-0.02,0.02
135624,-22.286818,-42.542282,8,875.00,2025/5/15,12:8:23,-0.56,927.78,1.06,-0.10,9.00,-0.00,-0.02,0.03
135824,-22.286818,-42.542282,8,875.00,2025/5/15,12:8:23,-0.45,927.77,1.12,0.04,8.94,-0.01,-0.01,0.02
136024,-22.286818,-42.542282,8,875.00,2025/5/15,12:8:23,-0.60,927.79,1.13,-0.02,8.99,-0.00,-0.02,0.02
136225,-22.286818,-42.542282,8,875.00,2025/5/15,12:8:23,-0.56,927.78,1.06,0.00,9.03,-0.00,-0.02,0.02
136425,-22.286820,-42.542281,8,874.70,2025/5/15,12:8:24,-0.47,927.77,1.06,-0.01,9.03,-0.01,-0.03,0.03
136625,-22.286820,-42.542281,8,874.70,2025/5/15,12:8:24,-0.56,927.78,0.99,-0.03,9.00,-0.01,-0.02,0.02
136825,-22.286820,-42.542281,8,874.70,2025/5/15,12:8:24,-0.50,927.77,1.02,-0.04,8.95,-0.01,-0.02,0.03
137025,-22.286820,-42.542281,8,874.70,2025/5/15,12:8:24,-0.63,927.79,1.01,0.01,8.94,-0.00,-0.02,0.02
137225,-22.286820,-42.542281,8,874.70,2025/5/15,12:8:24,-0.38,927.76,1.10,-0.00,8.98,-0.01,-0.01,0.02
137425,-22.286823,-42.542278,8,874.90,2025/5/15,12:8:25,-0.47,927.77,0.97,0.01,9.09,-0.01,-0.03,0.02
137625,-22.286823,-42.542278,8,874.90,2025/5/15,12:8:25,-0.56,927.78,1.10,0.05,8.98,-0.00,-0.03,0.02
137825,-22.286823,-42.542278,8,874.90,2025/5/15,12:8:25,-0.78,927.81,1.01,-0.01,9.02,-0.00,-0.02,0.03
138025,-22.286823,-42.542278,8,874.90,2025/5/15,12:8:25,-0.84,927.81,1.07,-0.00,8.97,-0.01,-0.02,0.02
138226,-22.286823,-42.542278,8,874.90,2025/5/15,12:8:25,-0.62,927.79,1.00,-0.00,9.09,-0.00,-0.02,0.03
138426,-22.286834,-42.542273,8,874.70,2025/5/15,12:8:26,-0.34,927.76,1.03,-0.08,8.89,-0.01,-0.01,0.02
138626,-22.286834,-42.542273,8,874.70,2025/5/15,12:8:26,-0.67,927.79,1.11,0.03,8.93,-0.01,-0.01,0.03
138826,-22.286834,-42.542273,8,874.70,2025/5/15,12:8:26,-0.62,927.79,1.11,-0.01,9.11,-0.01,-0.02,0.03
139026,-22.286834,-42.542273,8,874.70,2025/5/15,12:8:26,-0.62,927.79,1.07,-0.01,9.00,-0.01,-0.02,0.02
139226,-22.286834,-42.542273,8,874.70,2025/5/15,12:8:26,-0.72,927.80,1.02,0.00,9.05,-0.01,-0.02,0.02
139426,-22.286816,-42.542279,8,874.60,2025/5/15,12:8:27,-0.59,927.78,1.01,-0.01,8.98,-0.00,-0.03,0.02
139626,-22.286816,-42.542279,8,874.60,2025/5/15,12:8:27,-0.74,927.80,1.01,-0.01,9.06,-0.01,-0.02,0.02
139826,-22.286816,-42.542279,8,874.60,2025/5/15,12:8:27,-0.51,927.78,1.05,0.03,9.02,-0.01,-0.01,0.02
140026,-22.286816,-42.542279,8,874.60,2025/5/15,12:8:27,-0.62,927.79,1.03,0.02,9.07,-0.01,-0.02,0.02
140227,-22.286816,-42.542279,8,874.60,2025/5/15,12:8:27,-0.51,927.78,1.01,0.01,9.05,-0.01,-0.02,0.02
140427,-22.286817,-42.542276,8,874.80,2025/5/15,12:8:28,-0.65,927.79,1.03,0.00,8.93,-0.00,-0.02,0.03
140627,-22.286817,-42.542276,8,874.80,2025/5/15,12:8:28,-0.68,927.79,1.02,-0.02,8.96,-0.01,-0.02,0.02
140827,-22.286817,-42.542276,8,874.80,2025/5/15,12:8:28,-0.46,927.77,1.10,0.02,8.95,-0.00,-0.03,0.02
141027,-22.286817,-42.542276,8,874.80,2025/5/15,12:8:28,-0.49,927.77,1.04,0.04,9.08,-0.01,-0.02,0.02
141227,-22.286817,-42.542276,8,874.80,2025/5/15,12:8:28,-0.49,927.77,1.03,-0.01,9.05,-0.00,-0.02,0.03
141427,-22.286816,-42.542276,8,874.80,2025/5/15,12:8:29,-0.36,927.76,1.04,0.06,8.99,-0.00,-0.01,0.02
141627,-22.286816,-42.542276,8,874.80,2025/5/15,12:8:29,-0.47,927.77,1.02,-0.04,8.92,-0.00,-0.01,0.02
141827,-22.286816,-42.542276,8,874.80,2025/5/15,12:8:29,-0.47,927.77,1.02,-0.02,8.92,-0.00,-0.02,0.02
142027,-22.286816,-42.542276,8,874.80,2025/5/15,12:8:29,-0.45,927.79,1.06,0.03,9.01,-0.01,-0.02,0.02
142228,-22.286816,-42.542276,8,874.80,2025/5/15,12:8:29,-0.69,927.80,1.02,0.01,9.06,-0.01,-0.02,0.03
142428,-22.286814,-42.542274,8,874.90,2025/5/15,12:8:30,-0.44,927.77,1.06,0.06,8.99,-0.01,-0.01,0.02
142628,-22.286814,-42.542274,8,874.90,2025/5/15,12:8:30,-0.51,927.78,1.04,0.02,8.96,-0.01,-0.01,0.02
142828,-22.286814,-42.542274,8,874.90,2025/5/15,12:8:30,-0.44,927.77,1.04,0.00,9.05,-0.01,-0.02,0.02
143028,-22.286814,-42.542274,8,874.90,2025/5/15,12:8:30,-0.50,927.77,1.03,-0.02,9.00,-0.01,-0.02,0.03
